uav_id,role,role_name,grid_x,grid_y,x,y,ideal_grid_x,ideal_grid_y,ideal_x,ideal_y,is_ideal_cell,distance_to_ground_station,distance_to_ideal,nearest_ferry_distance,ideal_score,network_condition,goodput,rtt,buffer_status,packet_drop_probability
0,0,search,0,0,0.05,0.05,1,1,0.15,0.15,0,0.6363961030678927,0.1414213562373095,0.5656854249492381,0.2530791553678211,0.5,0.36511728206264793,0.7469208446321789,0.8101906334741342,0.7469208446321789
0,0,search,0,1,0.05,0.15,1,1,0.15,0.15,0,0.570087712549569,0.09999999999999999,0.5,0.34912106607906584,0.5,0.446752906167206,0.6508789339209342,0.7381592004407006,0.6508789339209342
0,0,search,0,2,0.05,0.25,1,1,0.15,0.15,0,0.51478150704935,0.1414213562373095,0.447213595499958,0.26808205075291597,0.5,0.37786974313997856,0.731917949247084,0.798938461935313,0.731917949247084
0,0,search,0,3,0.05,0.35,1,1,0.15,0.15,0,0.47434164902525694,0.22360679774997894,0.4123105625617661,0.16579248468165048,0.0,0.29092361197940286,0.8342075153183495,0.8756556364887621,0.8342075153183495
0,0,search,0,4,0.05,0.45,1,1,0.15,0.15,0,0.45276925690687087,0.31622776601683794,0.4,0.10794324747484937,0.0,0.24175176035362195,0.8920567525251506,0.919042564393863,0.8920567525251506
0,0,search,0,5,0.05,0.55,1,1,0.15,0.15,0,0.45276925690687087,0.41231056256176607,0.4,0.07802938836368223,0.0,0.21632498010912987,0.9219706116363178,0.9414779587272384,0.9219706116363178
0,0,search,0,6,0.05,0.65,1,1,0.15,0.15,0,0.47434164902525694,0.5099019513592785,0.4123105625617661,0.06063091140988745,0.0,0.20153627469840432,0.9393690885901126,0.9545268164425844,0.9393690885901126
0,0,search,0,7,0.05,0.75,1,1,0.15,0.15,0,0.51478150704935,0.6082762530298219,0.4472135954999579,0.04766029159544517,0.0,0.19051124785612839,0.9523397084045548,0.9642547813034161,0.9523397084045548
0,0,search,0,8,0.05,0.85,1,1,0.15,0.15,0,0.570087712549569,0.7071067811865475,0.5,0.037036233690663105,0.0,0.18148079863706362,0.9629637663093369,0.9722228247320027,0.9629637663093369
0,0,search,0,9,0.05,0.95,1,1,0.15,0.15,0,0.6363961030678927,0.8062257748298549,0.565685424949238,0.028372224529312588,0.0,0.1741163908499157,0.9716277754706875,0.9787208316030156,0.9716277754706875
0,0,search,1,0,0.15,0.05,1,1,0.15,0.15,0,0.570087712549569,0.09999999999999999,0.5,0.34912106607906584,0.5,0.446752906167206,0.6508789339209342,0.7381592004407006,0.6508789339209342
0,0,search,1,1,0.15,0.15,1,1,0.15,0.15,1,0.49497474683058323,0.0,0.42426406871192857,1.0,1.0,1.0,0.0,0.25,0.0
0,0,search,1,2,0.15,0.25,1,1,0.15,0.15,0,0.4301162633521313,0.1,0.36055512754639896,0.3730477389692012,0.5,0.46709057812382104,0.6269522610307988,0.7202141957730991,0.6269522610307988
0,0,search,1,3,0.15,0.35,1,1,0.15,0.15,0,0.3807886552931954,0.19999999999999998,0.316227766016838,0.21168149983176776,0.0,0.3299292748570026,0.7883185001682322,0.8412388751261741,0.7883185001682322
0,0,search,1,4,0.15,0.45,1,1,0.15,0.15,0,0.35355339059327373,0.30000000000000004,0.30000000000000004,0.1402314753551074,0.0,0.2691967540518413,0.8597685246448926,0.8948263934836694,0.8597685246448926
0,0,search,1,5,0.15,0.55,1,1,0.15,0.15,0,0.35355339059327373,0.4,0.30000000000000004,0.10526245083737502,0.0,0.23947308321176874,0.8947375491626249,0.9210531618719687,0.8947375491626249
0,0,search,1,6,0.15,0.65,1,1,0.15,0.15,0,0.3807886552931954,0.5,0.31622776601683794,0.0831748844576229,0.0,0.22069865178897946,0.9168251155423771,0.9376188366567828,0.9168251155423771
0,0,search,1,7,0.15,0.75,1,1,0.15,0.15,0,0.4301162633521313,0.6,0.36055512754639896,0.0642782870214601,0.0,0.20463654396824107,0.9357217129785399,0.951791284733905,0.9357217129785399
0,0,search,1,8,0.15,0.85,1,1,0.15,0.15,0,0.49497474683058323,0.7,0.4242640687119285,0.04833051047104848,0.0,0.19108093390039121,0.9516694895289515,0.9637521171467136,0.9516694895289515
0,0,search,1,9,0.15,0.95,1,1,0.15,0.15,0,0.5700877125495689,0.7999999999999999,0.49999999999999994,0.03575388128823252,0.0,0.18039079909499764,0.9642461187117675,0.9731845890338257,0.9642461187117675
0,0,search,2,0,0.25,0.05,1,1,0.15,0.15,0,0.51478150704935,0.1414213562373095,0.447213595499958,0.26808205075291597,0.5,0.37786974313997856,0.731917949247084,0.798938461935313,0.731917949247084
0,0,search,2,1,0.25,0.15,1,1,0.15,0.15,0,0.4301162633521313,0.1,0.36055512754639896,0.3730477389692012,0.5,0.46709057812382104,0.6269522610307988,0.7202141957730991,0.6269522610307988
0,0,search,2,2,0.25,0.25,1,1,0.15,0.15,0,0.3535533905932738,0.14142135623730953,0.28284271247461906,0.30523089857757224,0.5,0.4094462637909364,0.6947691014224278,0.7710768260668208,0.6947691014224278
0,0,search,2,3,0.25,0.35,1,1,0.15,0.15,0,0.29154759474226505,0.22360679774997896,0.22360679774997902,0.21877018789069627,0.0,0.3359546597070918,0.7812298121093038,0.8359223590819778,0.7812298121093038
0,0,search,2,4,0.25,0.45,1,1,0.15,0.15,0,0.25495097567963926,0.316227766016838,0.2,0.17076072134503473,0.0,0.2951466131432795,0.8292392786549653,0.871929458991224,0.8292392786549653
0,0,search,2,5,0.25,0.55,1,1,0.15,0.15,0,0.25495097567963926,0.41231056256176607,0.2,0.1408468622338676,0.0,0.2697198328987874,0.8591531377661323,0.8943648533245993,0.8591531377661323
0,0,search,2,6,0.25,0.65,1,1,0.15,0.15,0,0.29154759474226505,0.5099019513592785,0.22360679774997896,0.11360861461893326,0.0,0.24656732242609325,0.8863913853810668,0.9147935390358001,0.8863913853810668
0,0,search,2,7,0.25,0.75,1,1,0.15,0.15,0,0.3535533905932738,0.6082762530298219,0.282842712474619,0.08480913942010147,0.0,0.22208776850708623,0.9151908605798985,0.9363931454349239,0.9151908605798985
0,0,search,2,8,0.25,0.85,1,1,0.15,0.15,0,0.4301162633521313,0.7071067811865475,0.36055512754639885,0.06096290658079844,0.0,0.20181847059367866,0.9390370934192016,0.9542778200644012,0.9390370934192016
0,0,search,2,9,0.25,0.95,1,1,0.15,0.15,0,0.51478150704935,0.8062257748298549,0.44721359549995787,0.04337511991440748,0.0,0.18686885192724634,0.9566248800855925,0.9674686600641944,0.9566248800855925
0,0,search,3,0,0.35,0.05,1,1,0.15,0.15,0,0.4743416490252569,0.22360679774997894,0.4123105625617661,0.1657924846816505,0.0,0.2909236119794029,0.8342075153183495,0.8756556364887621,0.8342075153183495
0,0,search,3,1,0.35,0.15,1,1,0.15,0.15,0,0.3807886552931954,0.19999999999999998,0.316227766016838,0.21168149983176776,0.0,0.3299292748570026,0.7883185001682322,0.8412388751261741,0.7883185001682322
0,0,search,3,2,0.35,0.25,1,1,0.15,0.15,0,0.29154759474226505,0.22360679774997896,0.22360679774997902,0.21877018789069627,0.0,0.3359546597070918,0.7812298121093038,0.8359223590819778,0.7812298121093038
0,0,search,3,3,0.35,0.35,1,1,0.15,0.15,0,0.21213203435596428,0.282842712474619,0.14142135623730956,0.21643144289693028,0.0,0.33396672646239073,0.7835685571030697,0.8376764178273023,0.7835685571030697
0,0,search,3,4,0.35,0.45,1,1,0.15,0.15,0,0.15811388300841897,0.36055512754639896,0.10000000000000003,0.21478615086649006,0.0,0.33256822823651655,0.7852138491335099,0.8389103868501324,0.7852138491335099
0,0,search,3,5,0.35,0.55,1,1,0.15,0.15,0,0.158113883008419,0.4472135954999579,0.10000000000000003,0.19522368579830113,0.0,0.31594013292855594,0.8047763142016988,0.8535822356512741,0.8047763142016988
0,0,search,3,6,0.35,0.65,1,1,0.15,0.15,0,0.21213203435596428,0.5385164807134504,0.14142135623730953,0.15300716596903635,0.0,0.2800560910736809,0.8469928340309636,0.8852446255232227,0.8469928340309636
0,0,search,3,7,0.35,0.75,1,1,0.15,0.15,0,0.29154759474226505,0.6324555320336759,0.22360679774997894,0.10620757371288604,0.0,0.24027643765595313,0.893792426287114,0.9203443197153355,0.893792426287114
0,0,search,3,8,0.35,0.85,1,1,0.15,0.15,0,0.3807886552931954,0.7280109889280517,0.3162277660168379,0.07242278625544414,0.0,0.21155936831712752,0.9275772137445558,0.9456829103084169,0.9275772137445558
0,0,search,3,9,0.35,0.95,1,1,0.15,0.15,0,0.4743416490252569,0.824621125123532,0.41231056256176596,0.04974154668539657,0.0,0.19228031468258708,0.9502584533146035,0.9626938399859526,0.9502584533146035
0,0,search,4,0,0.45,0.05,1,1,0.15,0.15,0,0.45276925690687087,0.31622776601683794,0.4,0.10794324747484937,0.0,0.24175176035362195,0.8920567525251506,0.919042564393863,0.8920567525251506
0,0,search,4,1,0.45,0.15,1,1,0.15,0.15,0,0.35355339059327373,0.30000000000000004,0.30000000000000004,0.1402314753551074,0.0,0.2691967540518413,0.8597685246448926,0.8948263934836694,0.8597685246448926
0,0,search,4,2,0.45,0.25,1,1,0.15,0.15,0,0.25495097567963926,0.31622776601683794,0.2,0.17076072134503473,0.0,0.2951466131432795,0.8292392786549653,0.871929458991224,0.8292392786549653
0,0,search,4,3,0.45,0.35,1,1,0.15,0.15,0,0.15811388300841897,0.36055512754639896,0.10000000000000003,0.21478615086649006,0.0,0.33256822823651655,0.7852138491335099,0.8389103868501324,0.7852138491335099
0,0,search,4,4,0.45,0.45,1,1,0.15,0.15,0,0.07071067811865474,0.42426406871192857,0.0,0.29482791709387224,0.5,0.4006037295297914,0.7051720829061278,0.7788790621795958,0.7051720829061278
0,0,search,4,5,0.45,0.55,1,1,0.15,0.15,0,0.07071067811865478,0.5,0.0,0.2841496312448216,0.5,0.3915271865580984,0.7158503687551784,0.7868877765663838,0.7158503687551784
0,0,search,4,6,0.45,0.65,1,1,0.15,0.15,0,0.15811388300841897,0.5830951894845301,0.09999999999999998,0.18226098328163018,0.0,0.30492183578938564,0.8177390167183698,0.8633042625387773,0.8177390167183698
0,0,search,4,7,0.45,0.75,1,1,0.15,0.15,0,0.25495097567963926,0.6708203932499369,0.19999999999999996,0.1182585959729686,0.0,0.25051980657702333,0.8817414040270314,0.9113060530202736,0.8817414040270314
0,0,search,4,8,0.45,0.85,1,1,0.15,0.15,0,0.35355339059327373,0.7615773105863908,0.29999999999999993,0.07831054736759455,0.0,0.21656396526245536,0.9216894526324054,0.941267089474304,0.9216894526324054
0,0,search,4,9,0.45,0.95,1,1,0.15,0.15,0,0.4527692569068708,0.854400374531753,0.3999999999999999,0.052924688338701904,0.0,0.1949859850878966,0.9470753116612981,0.9603064837459736,0.9470753116612981
0,0,search,5,0,0.55,0.05,1,1,0.15,0.15,0,0.45276925690687087,0.4123105625617661,0.4,0.07802938836368221,0.0,0.21632498010912987,0.9219706116363178,0.9414779587272384,0.9219706116363178
0,0,search,5,1,0.55,0.15,1,1,0.15,0.15,0,0.35355339059327373,0.4,0.30000000000000004,0.10526245083737502,0.0,0.23947308321176874,0.8947375491626249,0.9210531618719687,0.8947375491626249
0,0,search,5,2,0.55,0.25,1,1,0.15,0.15,0,0.25495097567963926,0.4123105625617661,0.2,0.14084686223386758,0.0,0.2697198328987874,0.8591531377661324,0.8943648533245994,0.8591531377661324
0,0,search,5,3,0.55,0.35,1,1,0.15,0.15,0,0.158113883008419,0.4472135954999579,0.10000000000000003,0.19522368579830113,0.0,0.31594013292855594,0.8047763142016988,0.8535822356512741,0.8047763142016988
0,0,search,5,4,0.55,0.45,1,1,0.15,0.15,0,0.07071067811865478,0.5,0.0,0.2841496312448216,0.5,0.3915271865580984,0.7158503687551784,0.7868877765663838,0.7158503687551784
0,0,search,5,5,0.55,0.55,1,1,0.15,0.15,0,0.07071067811865482,0.5656854249492381,0.0,0.2789093187666105,0.5,0.38707292095161894,0.7210906812333895,0.7908180109250421,0.7210906812333895
0,0,search,5,6,0.55,0.65,1,1,0.15,0.15,0,0.158113883008419,0.6403124237432849,0.09999999999999998,0.1798387104925623,0.0,0.302862903918678,0.8201612895074377,0.8651209671305783,0.8201612895074377
0,0,search,5,7,0.55,0.75,1,1,0.15,0.15,0,0.25495097567963926,0.7211102550927979,0.19999999999999996,0.11717576095217809,0.0,0.24959939680935136,0.8828242390478219,0.9121181792858665,0.8828242390478219
0,0,search,5,8,0.55,0.85,1,1,0.15,0.15,0,0.35355339059327373,0.806225774829855,0.29999999999999993,0.07783548800655571,0.0,0.21616016480557235,0.9221645119934443,0.9416233839950832,0.9221645119934443
0,0,search,5,9,0.55,0.95,1,1,0.15,0.15,0,0.4527692569068708,0.8944271909999159,0.3999999999999999,0.052718450512192545,0.0,0.19481068293536366,0.9472815494878074,0.9604611621158556,0.9472815494878074
0,0,search,6,0,0.65,0.05,1,1,0.15,0.15,0,0.4743416490252569,0.5099019513592785,0.4123105625617661,0.06063091140988747,0.0,0.20153627469840435,0.9393690885901125,0.9545268164425844,0.9393690885901125
0,0,search,6,1,0.65,0.15,1,1,0.15,0.15,0,0.3807886552931954,0.5,0.31622776601683794,0.0831748844576229,0.0,0.22069865178897946,0.9168251155423771,0.9376188366567828,0.9168251155423771
0,0,search,6,2,0.65,0.25,1,1,0.15,0.15,0,0.29154759474226505,0.5099019513592785,0.22360679774997896,0.11360861461893326,0.0,0.24656732242609325,0.8863913853810668,0.9147935390358001,0.8863913853810668
0,0,search,6,3,0.65,0.35,1,1,0.15,0.15,0,0.21213203435596428,0.5385164807134504,0.14142135623730953,0.15300716596903635,0.0,0.2800560910736809,0.8469928340309636,0.8852446255232227,0.8469928340309636
0,0,search,6,4,0.65,0.45,1,1,0.15,0.15,0,0.15811388300841897,0.5830951894845301,0.09999999999999998,0.18226098328163018,0.0,0.30492183578938564,0.8177390167183698,0.8633042625387773,0.8177390167183698
0,0,search,6,5,0.65,0.55,1,1,0.15,0.15,0,0.158113883008419,0.6403124237432849,0.09999999999999998,0.1798387104925623,0.0,0.302862903918678,0.8201612895074377,0.8651209671305783,0.8201612895074377
0,0,search,6,6,0.65,0.65,1,1,0.15,0.15,0,0.21213203435596428,0.7071067811865476,0.14142135623730948,0.14603154016707534,0.0,0.27412680914201404,0.8539684598329247,0.8904763448746935,0.8539684598329247
0,0,search,6,7,0.65,0.75,1,1,0.15,0.15,0,0.29154759474226505,0.7810249675906654,0.2236067977499789,0.10311785440665185,0.0,0.23765017624565404,0.8968821455933481,0.9226616091950111,0.8968821455933481
0,0,search,6,8,0.65,0.85,1,1,0.15,0.15,0,0.3807886552931954,0.8602325267042626,0.31622776601683783,0.07107230051428456,0.0,0.21041145543714188,0.9289276994857154,0.9466957746142866,0.9289276994857154
0,0,search,6,9,0.65,0.95,1,1,0.15,0.15,0,0.4743416490252569,0.9433981132056604,0.41231056256176596,0.04915571367295091,0.0,0.19178235662200827,0.9508442863270491,0.9631332147452868,0.9508442863270491
0,0,search,7,0,0.75,0.05,1,1,0.15,0.15,0,0.51478150704935,0.6082762530298219,0.4472135954999579,0.04766029159544517,0.0,0.19051124785612839,0.9523397084045548,0.9642547813034161,0.9523397084045548
0,0,search,7,1,0.75,0.15,1,1,0.15,0.15,0,0.4301162633521313,0.6,0.36055512754639896,0.0642782870214601,0.0,0.20463654396824107,0.9357217129785399,0.951791284733905,0.9357217129785399
0,0,search,7,2,0.75,0.25,1,1,0.15,0.15,0,0.3535533905932738,0.6082762530298219,0.282842712474619,0.08480913942010147,0.0,0.22208776850708623,0.9151908605798985,0.9363931454349239,0.9151908605798985
0,0,search,7,3,0.75,0.35,1,1,0.15,0.15,0,0.29154759474226505,0.6324555320336759,0.22360679774997894,0.10620757371288604,0.0,0.24027643765595313,0.893792426287114,0.9203443197153355,0.893792426287114
0,0,search,7,4,0.75,0.45,1,1,0.15,0.15,0,0.25495097567963926,0.6708203932499369,0.19999999999999996,0.1182585959729686,0.0,0.25051980657702333,0.8817414040270314,0.9113060530202736,0.8817414040270314
0,0,search,7,5,0.75,0.55,1,1,0.15,0.15,0,0.25495097567963926,0.7211102550927979,0.19999999999999996,0.11717576095217809,0.0,0.24959939680935136,0.8828242390478219,0.9121181792858665,0.8828242390478219
0,0,search,7,6,0.75,0.65,1,1,0.15,0.15,0,0.29154759474226505,0.7810249675906654,0.2236067977499789,0.10311785440665185,0.0,0.23765017624565404,0.8968821455933481,0.9226616091950111,0.8968821455933481
0,0,search,7,7,0.75,0.75,1,1,0.15,0.15,0,0.3535533905932738,0.848528137423857,0.28284271247461895,0.08020626486350234,0.0,0.21817532513397697,0.9197937351364976,0.9398453013523732,0.9197937351364976
0,0,search,7,8,0.75,0.85,1,1,0.15,0.15,0,0.4301162633521313,0.9219544457292888,0.36055512754639885,0.05895589403639422,0.0,0.20011250993093507,0.9410441059636058,0.9557830794727044,0.9410441059636058
0,0,search,7,9,0.75,0.95,1,1,0.15,0.15,0,0.51478150704935,0.9999999999999999,0.4472135954999578,0.042503363799902216,0.0,0.18612785922991687,0.9574966362000978,0.9681224771500734,0.9574966362000978
0,0,search,8,0,0.85,0.05,1,1,0.15,0.15,0,0.570087712549569,0.7071067811865475,0.5,0.037036233690663105,0.0,0.18148079863706362,0.9629637663093369,0.9722228247320027,0.9629637663093369
0,0,search,8,1,0.85,0.15,1,1,0.15,0.15,0,0.49497474683058323,0.7,0.4242640687119285,0.04833051047104848,0.0,0.19108093390039121,0.9516694895289515,0.9637521171467136,0.9516694895289515
0,0,search,8,2,0.85,0.25,1,1,0.15,0.15,0,0.4301162633521313,0.7071067811865475,0.36055512754639885,0.06096290658079844,0.0,0.20181847059367866,0.9390370934192016,0.9542778200644012,0.9390370934192016
0,0,search,8,3,0.85,0.35,1,1,0.15,0.15,0,0.3807886552931954,0.7280109889280517,0.3162277660168379,0.07242278625544414,0.0,0.21155936831712752,0.9275772137445558,0.9456829103084169,0.9275772137445558
0,0,search,8,4,0.85,0.45,1,1,0.15,0.15,0,0.35355339059327373,0.7615773105863908,0.29999999999999993,0.07831054736759455,0.0,0.21656396526245536,0.9216894526324054,0.941267089474304,0.9216894526324054
0,0,search,8,5,0.85,0.55,1,1,0.15,0.15,0,0.35355339059327373,0.8062257748298549,0.29999999999999993,0.07783548800655572,0.0,0.21616016480557237,0.9221645119934443,0.9416233839950832,0.9221645119934443
0,0,search,8,6,0.85,0.65,1,1,0.15,0.15,0,0.3807886552931954,0.8602325267042626,0.31622776601683783,0.07107230051428456,0.0,0.21041145543714188,0.9289276994857154,0.9466957746142866,0.9289276994857154
0,0,search,8,7,0.85,0.75,1,1,0.15,0.15,0,0.4301162633521313,0.9219544457292886,0.36055512754639885,0.05895589403639422,0.0,0.20011250993093507,0.9410441059636058,0.9557830794727044,0.9410441059636058
0,0,search,8,8,0.85,0.85,1,1,0.15,0.15,0,0.49497474683058323,0.9899494936611665,0.4242640687119284,0.045996490301902344,0.0,0.189097016756617,0.9540035096980977,0.9655026322735732,0.9540035096980977
0,0,search,8,9,0.85,0.95,1,1,0.15,0.15,0,0.5700877125495689,1.0630145812734648,0.4999999999999999,0.03473263393484307,0.0,0.17952273884461661,0.965267366065157,0.9739505245488677,0.965267366065157
0,0,search,9,0,0.95,0.05,1,1,0.15,0.15,0,0.6363961030678927,0.8062257748298549,0.565685424949238,0.028372224529312588,0.0,0.1741163908499157,0.9716277754706875,0.9787208316030156,0.9716277754706875
0,0,search,9,1,0.95,0.15,1,1,0.15,0.15,0,0.5700877125495689,0.7999999999999999,0.49999999999999994,0.03575388128823252,0.0,0.18039079909499764,0.9642461187117675,0.9731845890338257,0.9642461187117675
0,0,search,9,2,0.95,0.25,1,1,0.15,0.15,0,0.51478150704935,0.8062257748298549,0.44721359549995787,0.04337511991440748,0.0,0.18686885192724634,0.9566248800855925,0.9674686600641944,0.9566248800855925
0,0,search,9,3,0.95,0.35,1,1,0.15,0.15,0,0.4743416490252569,0.824621125123532,0.41231056256176596,0.04974154668539657,0.0,0.19228031468258708,0.9502584533146035,0.9626938399859526,0.9502584533146035
0,0,search,9,4,0.95,0.45,1,1,0.15,0.15,0,0.4527692569068708,0.8544003745317531,0.3999999999999999,0.052924688338701904,0.0,0.1949859850878966,0.9470753116612981,0.9603064837459736,0.9470753116612981
0,0,search,9,5,0.95,0.55,1,1,0.15,0.15,0,0.4527692569068708,0.8944271909999159,0.3999999999999999,0.052718450512192545,0.0,0.19481068293536366,0.9472815494878074,0.9604611621158556,0.9472815494878074
0,0,search,9,6,0.95,0.65,1,1,0.15,0.15,0,0.4743416490252569,0.9433981132056604,0.41231056256176596,0.04915571367295091,0.0,0.19178235662200827,0.9508442863270491,0.9631332147452868,0.9508442863270491
0,0,search,9,7,0.95,0.75,1,1,0.15,0.15,0,0.51478150704935,0.9999999999999999,0.4472135954999578,0.042503363799902216,0.0,0.18612785922991687,0.9574966362000978,0.9681224771500734,0.9574966362000978
0,0,search,9,8,0.95,0.85,1,1,0.15,0.15,0,0.5700877125495689,1.0630145812734648,0.4999999999999999,0.03473263393484307,0.0,0.17952273884461661,0.965267366065157,0.9739505245488677,0.965267366065157
0,0,search,9,9,0.95,0.95,1,1,0.15,0.15,0,0.6363961030678927,1.131370849898476,0.5656854249492379,0.027347738894019095,0.0,0.17324557805991622,0.9726522611059809,0.9794891958294857,0.9726522611059809
1,0,search,0,0,0.05,0.05,1,8,0.15,0.85,0,0.6363961030678927,0.8062257748298549,0.5656854249492381,0.028372224529312588,0.0,0.1741163908499157,0.9716277754706875,0.9787208316030156,0.9716277754706875
1,0,search,0,1,0.05,0.15,1,8,0.15,0.85,0,0.570087712549569,0.7071067811865475,0.5,0.037036233690663105,0.0,0.18148079863706362,0.9629637663093369,0.9722228247320027,0.9629637663093369
1,0,search,0,2,0.05,0.25,1,8,0.15,0.85,0,0.51478150704935,0.6082762530298219,0.447213595499958,0.04766029159544517,0.0,0.19051124785612839,0.9523397084045548,0.9642547813034161,0.9523397084045548
1,0,search,0,3,0.05,0.35,1,8,0.15,0.85,0,0.47434164902525694,0.5099019513592785,0.4123105625617661,0.06063091140988745,0.0,0.20153627469840432,0.9393690885901126,0.9545268164425844,0.9393690885901126
1,0,search,0,4,0.05,0.45,1,8,0.15,0.85,0,0.45276925690687087,0.412310562561766,0.4,0.07802938836368223,0.0,0.21632498010912987,0.9219706116363178,0.9414779587272384,0.9219706116363178
1,0,search,0,5,0.05,0.55,1,8,0.15,0.85,0,0.45276925690687087,0.3162277660168379,0.4,0.10794324747484939,0.0,0.24175176035362198,0.8920567525251506,0.919042564393863,0.8920567525251506
1,0,search,0,6,0.05,0.65,1,8,0.15,0.85,0,0.47434164902525694,0.22360679774997894,0.4123105625617661,0.16579248468165048,0.0,0.29092361197940286,0.8342075153183495,0.8756556364887621,0.8342075153183495
1,0,search,0,7,0.05,0.75,1,8,0.15,0.85,0,0.51478150704935,0.14142135623730948,0.4472135954999579,0.2680820507529161,0.5,0.3778697431399787,0.731917949247084,0.7989384619353129,0.731917949247084
1,0,search,0,8,0.05,0.85,1,8,0.15,0.85,0,0.570087712549569,0.09999999999999999,0.5,0.34912106607906584,0.5,0.446752906167206,0.6508789339209342,0.7381592004407006,0.6508789339209342
1,0,search,0,9,0.05,0.95,1,8,0.15,0.85,0,0.6363961030678927,0.14142135623730948,0.565685424949238,0.25307915536782116,0.5,0.365117282062648,0.7469208446321789,0.8101906334741341,0.7469208446321789
1,0,search,1,0,0.15,0.05,1,8,0.15,0.85,0,0.570087712549569,0.7999999999999999,0.5,0.03575388128823252,0.0,0.18039079909499764,0.9642461187117675,0.9731845890338257,0.9642461187117675
1,0,search,1,1,0.15,0.15,1,8,0.15,0.85,0,0.49497474683058323,0.7,0.42426406871192857,0.04833051047104847,0.0,0.1910809339003912,0.9516694895289515,0.9637521171467136,0.9516694895289515
1,0,search,1,2,0.15,0.25,1,8,0.15,0.85,0,0.4301162633521313,0.6,0.36055512754639896,0.0642782870214601,0.0,0.20463654396824107,0.9357217129785399,0.951791284733905,0.9357217129785399
1,0,search,1,3,0.15,0.35,1,8,0.15,0.85,0,0.3807886552931954,0.5,0.316227766016838,0.08317488445762287,0.0,0.22069865178897943,0.9168251155423771,0.9376188366567828,0.9168251155423771
1,0,search,1,4,0.15,0.45,1,8,0.15,0.85,0,0.35355339059327373,0.39999999999999997,0.30000000000000004,0.10526245083737504,0.0,0.23947308321176877,0.8947375491626249,0.9210531618719687,0.8947375491626249
1,0,search,1,5,0.15,0.55,1,8,0.15,0.85,0,0.35355339059327373,0.29999999999999993,0.30000000000000004,0.14023147535510747,0.0,0.26919675405184135,0.8597685246448925,0.8948263934836694,0.8597685246448925
1,0,search,1,6,0.15,0.65,1,8,0.15,0.85,0,0.3807886552931954,0.19999999999999996,0.31622776601683794,0.2116814998317678,0.0,0.32992927485700263,0.7883185001682322,0.8412388751261741,0.7883185001682322
1,0,search,1,7,0.15,0.75,1,8,0.15,0.85,0,0.4301162633521313,0.09999999999999998,0.36055512754639896,0.37304773896920124,0.5,0.46709057812382104,0.6269522610307987,0.7202141957730991,0.6269522610307987
1,0,search,1,8,0.15,0.85,1,8,0.15,0.85,1,0.49497474683058323,0.0,0.4242640687119285,1.0,1.0,1.0,0.0,0.25,0.0
1,0,search,1,9,0.15,0.95,1,8,0.15,0.85,0,0.5700877125495689,0.09999999999999998,0.49999999999999994,0.3491210660790659,0.5,0.446752906167206,0.6508789339209341,0.7381592004407006,0.6508789339209341
1,0,search,2,0,0.25,0.05,1,8,0.15,0.85,0,0.51478150704935,0.8062257748298549,0.447213595499958,0.04337511991440747,0.0,0.18686885192724634,0.9566248800855925,0.9674686600641944,0.9566248800855925
1,0,search,2,1,0.25,0.15,1,8,0.15,0.85,0,0.4301162633521313,0.7071067811865475,0.36055512754639896,0.06096290658079843,0.0,0.20181847059367866,0.9390370934192016,0.9542778200644012,0.9390370934192016
1,0,search,2,2,0.25,0.25,1,8,0.15,0.85,0,0.3535533905932738,0.6082762530298219,0.28284271247461906,0.08480913942010147,0.0,0.22208776850708623,0.9151908605798985,0.9363931454349239,0.9151908605798985
1,0,search,2,3,0.25,0.35,1,8,0.15,0.85,0,0.29154759474226505,0.5099019513592785,0.22360679774997902,0.11360861461893326,0.0,0.24656732242609325,0.8863913853810668,0.9147935390358001,0.8863913853810668
1,0,search,2,4,0.25,0.45,1,8,0.15,0.85,0,0.25495097567963926,0.412310562561766,0.2,0.1408468622338676,0.0,0.2697198328987874,0.8591531377661323,0.8943648533245993,0.8591531377661323
1,0,search,2,5,0.25,0.55,1,8,0.15,0.85,0,0.25495097567963926,0.3162277660168379,0.2,0.17076072134503475,0.0,0.2951466131432795,0.8292392786549653,0.8719294589912239,0.8292392786549653
1,0,search,2,6,0.25,0.65,1,8,0.15,0.85,0,0.29154759474226505,0.22360679774997894,0.22360679774997896,0.2187701878906963,0.0,0.3359546597070918,0.7812298121093038,0.8359223590819778,0.7812298121093038
1,0,search,2,7,0.25,0.75,1,8,0.15,0.85,0,0.3535533905932738,0.1414213562373095,0.282842712474619,0.30523089857757224,0.5,0.4094462637909364,0.6947691014224278,0.7710768260668208,0.6947691014224278
1,0,search,2,8,0.25,0.85,1,8,0.15,0.85,0,0.4301162633521313,0.1,0.36055512754639885,0.3730477389692012,0.5,0.46709057812382104,0.6269522610307988,0.7202141957730991,0.6269522610307988
1,0,search,2,9,0.25,0.95,1,8,0.15,0.85,0,0.51478150704935,0.1414213562373095,0.44721359549995787,0.26808205075291597,0.5,0.37786974313997856,0.731917949247084,0.798938461935313,0.731917949247084
1,0,search,3,0,0.35,0.05,1,8,0.15,0.85,0,0.4743416490252569,0.824621125123532,0.4123105625617661,0.04974154668539656,0.0,0.19228031468258705,0.9502584533146035,0.9626938399859526,0.9502584533146035
1,0,search,3,1,0.35,0.15,1,8,0.15,0.85,0,0.3807886552931954,0.7280109889280517,0.316227766016838,0.07242278625544411,0.0,0.2115593683171275,0.9275772137445559,0.9456829103084169,0.9275772137445559
1,0,search,3,2,0.35,0.25,1,8,0.15,0.85,0,0.29154759474226505,0.6324555320336759,0.22360679774997902,0.10620757371288601,0.0,0.2402764376559531,0.893792426287114,0.9203443197153355,0.893792426287114
1,0,search,3,3,0.35,0.35,1,8,0.15,0.85,0,0.21213203435596428,0.5385164807134504,0.14142135623730956,0.15300716596903635,0.0,0.2800560910736809,0.8469928340309636,0.8852446255232227,0.8469928340309636
1,0,search,3,4,0.35,0.45,1,8,0.15,0.85,0,0.15811388300841897,0.44721359549995787,0.10000000000000003,0.19522368579830116,0.0,0.31594013292855594,0.8047763142016988,0.8535822356512741,0.8047763142016988
1,0,search,3,5,0.35,0.55,1,8,0.15,0.85,0,0.158113883008419,0.36055512754639885,0.10000000000000003,0.21478615086649008,0.0,0.33256822823651655,0.7852138491335099,0.8389103868501324,0.7852138491335099
1,0,search,3,6,0.35,0.65,1,8,0.15,0.85,0,0.21213203435596428,0.28284271247461895,0.14142135623730953,0.2164314428969303,0.0,0.3339667264623908,0.7835685571030697,0.8376764178273023,0.7835685571030697
1,0,search,3,7,0.35,0.75,1,8,0.15,0.85,0,0.29154759474226505,0.22360679774997894,0.22360679774997894,0.21877018789069633,0.0,0.3359546597070919,0.7812298121093036,0.8359223590819778,0.7812298121093036
1,0,search,3,8,0.35,0.85,1,8,0.15,0.85,0,0.3807886552931954,0.19999999999999998,0.3162277660168379,0.2116814998317678,0.0,0.32992927485700263,0.7883185001682322,0.8412388751261741,0.7883185001682322
1,0,search,3,9,0.35,0.95,1,8,0.15,0.85,0,0.4743416490252569,0.22360679774997894,0.41231056256176596,0.1657924846816505,0.0,0.2909236119794029,0.8342075153183495,0.8756556364887621,0.8342075153183495
1,0,search,4,0,0.45,0.05,1,8,0.15,0.85,0,0.45276925690687087,0.854400374531753,0.4,0.052924688338701883,0.0,0.1949859850878966,0.9470753116612981,0.9603064837459736,0.9470753116612981
1,0,search,4,1,0.45,0.15,1,8,0.15,0.85,0,0.35355339059327373,0.7615773105863908,0.30000000000000004,0.07831054736759453,0.0,0.21656396526245536,0.9216894526324054,0.941267089474304,0.9216894526324054
1,0,search,4,2,0.45,0.25,1,8,0.15,0.85,0,0.25495097567963926,0.6708203932499369,0.2,0.11825859597296857,0.0,0.2505198065770233,0.8817414040270314,0.9113060530202736,0.8817414040270314
1,0,search,4,3,0.45,0.35,1,8,0.15,0.85,0,0.15811388300841897,0.5830951894845301,0.10000000000000003,0.18226098328163015,0.0,0.3049218357893856,0.8177390167183698,0.8633042625387775,0.8177390167183698
1,0,search,4,4,0.45,0.45,1,8,0.15,0.85,0,0.07071067811865474,0.5,0.0,0.2841496312448216,0.5,0.3915271865580984,0.7158503687551784,0.7868877765663838,0.7158503687551784
1,0,search,4,5,0.45,0.55,1,8,0.15,0.85,0,0.07071067811865478,0.4242640687119285,0.0,0.29482791709387224,0.5,0.4006037295297914,0.7051720829061278,0.7788790621795958,0.7051720829061278
1,0,search,4,6,0.45,0.65,1,8,0.15,0.85,0,0.15811388300841897,0.36055512754639896,0.09999999999999998,0.2147861508664901,0.0,0.33256822823651655,0.7852138491335099,0.8389103868501324,0.7852138491335099
1,0,search,4,7,0.45,0.75,1,8,0.15,0.85,0,0.25495097567963926,0.31622776601683794,0.19999999999999996,0.17076072134503478,0.0,0.29514661314327956,0.8292392786549652,0.8719294589912239,0.8292392786549652
1,0,search,4,8,0.45,0.85,1,8,0.15,0.85,0,0.35355339059327373,0.30000000000000004,0.29999999999999993,0.14023147535510744,0.0,0.2691967540518413,0.8597685246448925,0.8948263934836694,0.8597685246448925
1,0,search,4,9,0.45,0.95,1,8,0.15,0.85,0,0.4527692569068708,0.31622776601683794,0.3999999999999999,0.10794324747484939,0.0,0.24175176035362198,0.8920567525251506,0.919042564393863,0.8920567525251506
1,0,search,5,0,0.55,0.05,1,8,0.15,0.85,0,0.45276925690687087,0.8944271909999159,0.4,0.052718450512192525,0.0,0.19481068293536363,0.9472815494878075,0.9604611621158556,0.9472815494878075
1,0,search,5,1,0.55,0.15,1,8,0.15,0.85,0,0.35355339059327373,0.806225774829855,0.30000000000000004,0.0778354880065557,0.0,0.21616016480557232,0.9221645119934443,0.9416233839950833,0.9221645119934443
1,0,search,5,2,0.55,0.25,1,8,0.15,0.85,0,0.25495097567963926,0.7211102550927979,0.2,0.11717576095217806,0.0,0.24959939680935134,0.8828242390478219,0.9121181792858665,0.8828242390478219
1,0,search,5,3,0.55,0.35,1,8,0.15,0.85,0,0.158113883008419,0.6403124237432849,0.10000000000000003,0.17983871049256225,0.0,0.3028629039186779,0.8201612895074377,0.8651209671305783,0.8201612895074377
1,0,search,5,4,0.55,0.45,1,8,0.15,0.85,0,0.07071067811865478,0.565685424949238,0.0,0.2789093187666105,0.5,0.38707292095161894,0.7210906812333895,0.7908180109250421,0.7210906812333895
1,0,search,5,5,0.55,0.55,1,8,0.15,0.85,0,0.07071067811865482,0.5,0.0,0.2841496312448216,0.5,0.3915271865580984,0.7158503687551784,0.7868877765663838,0.7158503687551784
1,0,search,5,6,0.55,0.65,1,8,0.15,0.85,0,0.158113883008419,0.4472135954999579,0.09999999999999998,0.19522368579830118,0.0,0.315940132928556,0.8047763142016988,0.8535822356512741,0.8047763142016988
1,0,search,5,7,0.55,0.75,1,8,0.15,0.85,0,0.25495097567963926,0.4123105625617661,0.19999999999999996,0.1408468622338676,0.0,0.2697198328987874,0.8591531377661323,0.8943648533245993,0.8591531377661323
1,0,search,5,8,0.55,0.85,1,8,0.15,0.85,0,0.35355339059327373,0.4,0.29999999999999993,0.10526245083737504,0.0,0.23947308321176877,0.8947375491626249,0.9210531618719687,0.8947375491626249
1,0,search,5,9,0.55,0.95,1,8,0.15,0.85,0,0.4527692569068708,0.4123105625617661,0.3999999999999999,0.07802938836368223,0.0,0.21632498010912987,0.9219706116363178,0.9414779587272384,0.9219706116363178
1,0,search,6,0,0.65,0.05,1,8,0.15,0.85,0,0.4743416490252569,0.9433981132056604,0.4123105625617661,0.04915571367295089,0.0,0.19178235662200827,0.9508442863270491,0.9631332147452868,0.9508442863270491
1,0,search,6,1,0.65,0.15,1,8,0.15,0.85,0,0.3807886552931954,0.8602325267042626,0.31622776601683794,0.07107230051428456,0.0,0.21041145543714188,0.9289276994857154,0.9466957746142866,0.9289276994857154
1,0,search,6,2,0.65,0.25,1,8,0.15,0.85,0,0.29154759474226505,0.7810249675906654,0.22360679774997896,0.10311785440665182,0.0,0.23765017624565404,0.8968821455933482,0.9226616091950112,0.8968821455933482
1,0,search,6,3,0.65,0.35,1,8,0.15,0.85,0,0.21213203435596428,0.7071067811865476,0.14142135623730953,0.14603154016707534,0.0,0.27412680914201404,0.8539684598329247,0.8904763448746935,0.8539684598329247
1,0,search,6,4,0.65,0.45,1,8,0.15,0.85,0,0.15811388300841897,0.6403124237432849,0.09999999999999998,0.1798387104925623,0.0,0.302862903918678,0.8201612895074377,0.8651209671305783,0.8201612895074377
1,0,search,6,5,0.65,0.55,1,8,0.15,0.85,0,0.158113883008419,0.58309518948453,0.09999999999999998,0.18226098328163018,0.0,0.30492183578938564,0.8177390167183698,0.8633042625387773,0.8177390167183698
1,0,search,6,6,0.65,0.65,1,8,0.15,0.85,0,0.21213203435596428,0.5385164807134504,0.14142135623730948,0.15300716596903635,0.0,0.2800560910736809,0.8469928340309636,0.8852446255232227,0.8469928340309636
1,0,search,6,7,0.65,0.75,1,8,0.15,0.85,0,0.29154759474226505,0.5099019513592785,0.2236067977499789,0.11360861461893329,0.0,0.2465673224260933,0.8863913853810668,0.9147935390358001,0.8863913853810668
1,0,search,6,8,0.65,0.85,1,8,0.15,0.85,0,0.3807886552931954,0.5,0.31622776601683783,0.0831748844576229,0.0,0.22069865178897946,0.9168251155423771,0.9376188366567828,0.9168251155423771
1,0,search,6,9,0.65,0.95,1,8,0.15,0.85,0,0.4743416490252569,0.5099019513592785,0.41231056256176596,0.06063091140988748,0.0,0.20153627469840435,0.9393690885901125,0.9545268164425844,0.9393690885901125
1,0,search,7,0,0.75,0.05,1,8,0.15,0.85,0,0.51478150704935,0.9999999999999999,0.4472135954999579,0.04250336379990221,0.0,0.18612785922991687,0.9574966362000978,0.9681224771500734,0.9574966362000978
1,0,search,7,1,0.75,0.15,1,8,0.15,0.85,0,0.4301162633521313,0.9219544457292888,0.36055512754639896,0.05895589403639421,0.0,0.20011250993093507,0.9410441059636058,0.9557830794727044,0.9410441059636058
1,0,search,7,2,0.75,0.25,1,8,0.15,0.85,0,0.3535533905932738,0.848528137423857,0.282842712474619,0.08020626486350234,0.0,0.21817532513397697,0.9197937351364976,0.9398453013523732,0.9197937351364976
1,0,search,7,3,0.75,0.35,1,8,0.15,0.85,0,0.29154759474226505,0.7810249675906654,0.22360679774997894,0.10311785440665185,0.0,0.23765017624565404,0.8968821455933481,0.9226616091950111,0.8968821455933481
1,0,search,7,4,0.75,0.45,1,8,0.15,0.85,0,0.25495097567963926,0.7211102550927978,0.19999999999999996,0.11717576095217809,0.0,0.24959939680935136,0.8828242390478219,0.9121181792858665,0.8828242390478219
1,0,search,7,5,0.75,0.55,1,8,0.15,0.85,0,0.25495097567963926,0.6708203932499369,0.19999999999999996,0.1182585959729686,0.0,0.25051980657702333,0.8817414040270314,0.9113060530202736,0.8817414040270314
1,0,search,7,6,0.75,0.65,1,8,0.15,0.85,0,0.29154759474226505,0.6324555320336759,0.2236067977499789,0.10620757371288604,0.0,0.24027643765595313,0.893792426287114,0.9203443197153355,0.893792426287114
1,0,search,7,7,0.75,0.75,1,8,0.15,0.85,0,0.3535533905932738,0.6082762530298219,0.28284271247461895,0.08480913942010147,0.0,0.22208776850708623,0.9151908605798985,0.9363931454349239,0.9151908605798985
1,0,search,7,8,0.75,0.85,1,8,0.15,0.85,0,0.4301162633521313,0.6,0.36055512754639885,0.06427828702146013,0.0,0.2046365439682411,0.9357217129785399,0.951791284733905,0.9357217129785399
1,0,search,7,9,0.75,0.95,1,8,0.15,0.85,0,0.51478150704935,0.6082762530298219,0.4472135954999578,0.04766029159544518,0.0,0.19051124785612839,0.9523397084045548,0.9642547813034161,0.9523397084045548
1,0,search,8,0,0.85,0.05,1,8,0.15,0.85,0,0.570087712549569,1.0630145812734648,0.5,0.03473263393484306,0.0,0.1795227388446166,0.965267366065157,0.9739505245488677,0.965267366065157
1,0,search,8,1,0.85,0.15,1,8,0.15,0.85,0,0.49497474683058323,0.9899494936611665,0.4242640687119285,0.04599649030190234,0.0,0.18909701675661697,0.9540035096980977,0.9655026322735732,0.9540035096980977
1,0,search,8,2,0.85,0.25,1,8,0.15,0.85,0,0.4301162633521313,0.9219544457292886,0.36055512754639885,0.05895589403639422,0.0,0.20011250993093507,0.9410441059636058,0.9557830794727044,0.9410441059636058
1,0,search,8,3,0.85,0.35,1,8,0.15,0.85,0,0.3807886552931954,0.8602325267042626,0.3162277660168379,0.07107230051428456,0.0,0.21041145543714188,0.9289276994857154,0.9466957746142866,0.9289276994857154
1,0,search,8,4,0.85,0.45,1,8,0.15,0.85,0,0.35355339059327373,0.8062257748298549,0.29999999999999993,0.07783548800655572,0.0,0.21616016480557237,0.9221645119934443,0.9416233839950832,0.9221645119934443
1,0,search,8,5,0.85,0.55,1,8,0.15,0.85,0,0.35355339059327373,0.7615773105863908,0.29999999999999993,0.07831054736759455,0.0,0.21656396526245536,0.9216894526324054,0.941267089474304,0.9216894526324054
1,0,search,8,6,0.85,0.65,1,8,0.15,0.85,0,0.3807886552931954,0.7280109889280517,0.31622776601683783,0.07242278625544414,0.0,0.21155936831712752,0.9275772137445558,0.9456829103084169,0.9275772137445558
1,0,search,8,7,0.85,0.75,1,8,0.15,0.85,0,0.4301162633521313,0.7071067811865475,0.36055512754639885,0.06096290658079844,0.0,0.20181847059367866,0.9390370934192016,0.9542778200644012,0.9390370934192016
1,0,search,8,8,0.85,0.85,1,8,0.15,0.85,0,0.49497474683058323,0.7,0.4242640687119284,0.048330510471048485,0.0,0.19108093390039121,0.9516694895289515,0.9637521171467136,0.9516694895289515
1,0,search,8,9,0.85,0.95,1,8,0.15,0.85,0,0.5700877125495689,0.7071067811865475,0.4999999999999999,0.03703623369066311,0.0,0.18148079863706362,0.9629637663093369,0.9722228247320026,0.9629637663093369
1,0,search,9,0,0.95,0.05,1,8,0.15,0.85,0,0.6363961030678927,1.131370849898476,0.565685424949238,0.02734773889401909,0.0,0.17324557805991622,0.9726522611059809,0.9794891958294857,0.9726522611059809
1,0,search,9,1,0.95,0.15,1,8,0.15,0.85,0,0.5700877125495689,1.0630145812734648,0.49999999999999994,0.03473263393484306,0.0,0.1795227388446166,0.965267366065157,0.9739505245488677,0.965267366065157
1,0,search,9,2,0.95,0.25,1,8,0.15,0.85,0,0.51478150704935,0.9999999999999999,0.44721359549995787,0.042503363799902216,0.0,0.18612785922991687,0.9574966362000978,0.9681224771500734,0.9574966362000978
1,0,search,9,3,0.95,0.35,1,8,0.15,0.85,0,0.4743416490252569,0.9433981132056604,0.41231056256176596,0.04915571367295091,0.0,0.19178235662200827,0.9508442863270491,0.9631332147452868,0.9508442863270491
1,0,search,9,4,0.95,0.45,1,8,0.15,0.85,0,0.4527692569068708,0.8944271909999157,0.3999999999999999,0.052718450512192545,0.0,0.19481068293536366,0.9472815494878074,0.9604611621158556,0.9472815494878074
1,0,search,9,5,0.95,0.55,1,8,0.15,0.85,0,0.4527692569068708,0.854400374531753,0.3999999999999999,0.052924688338701904,0.0,0.1949859850878966,0.9470753116612981,0.9603064837459736,0.9470753116612981
1,0,search,9,6,0.95,0.65,1,8,0.15,0.85,0,0.4743416490252569,0.824621125123532,0.41231056256176596,0.04974154668539657,0.0,0.19228031468258708,0.9502584533146035,0.9626938399859526,0.9502584533146035
1,0,search,9,7,0.95,0.75,1,8,0.15,0.85,0,0.51478150704935,0.8062257748298549,0.4472135954999578,0.04337511991440748,0.0,0.18686885192724634,0.9566248800855925,0.9674686600641944,0.9566248800855925
1,0,search,9,8,0.95,0.85,1,8,0.15,0.85,0,0.5700877125495689,0.7999999999999999,0.4999999999999999,0.03575388128823253,0.0,0.18039079909499764,0.9642461187117675,0.9731845890338257,0.9642461187117675
1,0,search,9,9,0.95,0.95,1,8,0.15,0.85,0,0.6363961030678927,0.8062257748298549,0.5656854249492379,0.02837222452931259,0.0,0.1741163908499157,0.9716277754706875,0.9787208316030156,0.9716277754706875
2,0,search,0,0,0.05,0.05,8,1,0.85,0.15,0,0.6363961030678927,0.8062257748298549,0.5656854249492381,0.028372224529312588,0.0,0.1741163908499157,0.9716277754706875,0.9787208316030156,0.9716277754706875
2,0,search,0,1,0.05,0.15,8,1,0.85,0.15,0,0.570087712549569,0.7999999999999999,0.5,0.03575388128823252,0.0,0.18039079909499764,0.9642461187117675,0.9731845890338257,0.9642461187117675
2,0,search,0,2,0.05,0.25,8,1,0.85,0.15,0,0.51478150704935,0.8062257748298549,0.447213595499958,0.04337511991440747,0.0,0.18686885192724634,0.9566248800855925,0.9674686600641944,0.9566248800855925
2,0,search,0,3,0.05,0.35,8,1,0.85,0.15,0,0.47434164902525694,0.824621125123532,0.4123105625617661,0.04974154668539655,0.0,0.19228031468258705,0.9502584533146035,0.9626938399859526,0.9502584533146035
2,0,search,0,4,0.05,0.45,8,1,0.85,0.15,0,0.45276925690687087,0.8544003745317531,0.4,0.052924688338701883,0.0,0.1949859850878966,0.9470753116612981,0.9603064837459736,0.9470753116612981
2,0,search,0,5,0.05,0.55,8,1,0.85,0.15,0,0.45276925690687087,0.8944271909999159,0.4,0.052718450512192525,0.0,0.19481068293536363,0.9472815494878075,0.9604611621158556,0.9472815494878075
2,0,search,0,6,0.05,0.65,8,1,0.85,0.15,0,0.47434164902525694,0.9433981132056604,0.4123105625617661,0.049155713672950886,0.0,0.19178235662200824,0.9508442863270491,0.9631332147452868,0.9508442863270491
2,0,search,0,7,0.05,0.75,8,1,0.85,0.15,0,0.51478150704935,0.9999999999999999,0.4472135954999579,0.04250336379990221,0.0,0.18612785922991687,0.9574966362000978,0.9681224771500734,0.9574966362000978
2,0,search,0,8,0.05,0.85,8,1,0.85,0.15,0,0.570087712549569,1.0630145812734648,0.5,0.03473263393484306,0.0,0.1795227388446166,0.965267366065157,0.9739505245488677,0.965267366065157
2,0,search,0,9,0.05,0.95,8,1,0.85,0.15,0,0.6363961030678927,1.131370849898476,0.565685424949238,0.02734773889401909,0.0,0.17324557805991622,0.9726522611059809,0.9794891958294857,0.9726522611059809
2,0,search,1,0,0.15,0.05,8,1,0.85,0.15,0,0.570087712549569,0.7071067811865475,0.5,0.037036233690663105,0.0,0.18148079863706362,0.9629637663093369,0.9722228247320027,0.9629637663093369
2,0,search,1,1,0.15,0.15,8,1,0.85,0.15,0,0.49497474683058323,0.7,0.42426406871192857,0.04833051047104847,0.0,0.1910809339003912,0.9516694895289515,0.9637521171467136,0.9516694895289515
2,0,search,1,2,0.15,0.25,8,1,0.85,0.15,0,0.4301162633521313,0.7071067811865475,0.36055512754639896,0.06096290658079843,0.0,0.20181847059367866,0.9390370934192016,0.9542778200644012,0.9390370934192016
2,0,search,1,3,0.15,0.35,8,1,0.85,0.15,0,0.3807886552931954,0.7280109889280517,0.316227766016838,0.07242278625544411,0.0,0.2115593683171275,0.9275772137445559,0.9456829103084169,0.9275772137445559
2,0,search,1,4,0.15,0.45,8,1,0.85,0.15,0,0.35355339059327373,0.7615773105863908,0.30000000000000004,0.07831054736759453,0.0,0.21656396526245536,0.9216894526324054,0.941267089474304,0.9216894526324054
2,0,search,1,5,0.15,0.55,8,1,0.85,0.15,0,0.35355339059327373,0.8062257748298549,0.30000000000000004,0.07783548800655571,0.0,0.21616016480557235,0.9221645119934443,0.9416233839950832,0.9221645119934443
2,0,search,1,6,0.15,0.65,8,1,0.85,0.15,0,0.3807886552931954,0.8602325267042626,0.31622776601683794,0.07107230051428456,0.0,0.21041145543714188,0.9289276994857154,0.9466957746142866,0.9289276994857154
2,0,search,1,7,0.15,0.75,8,1,0.85,0.15,0,0.4301162633521313,0.9219544457292886,0.36055512754639896,0.05895589403639421,0.0,0.20011250993093507,0.9410441059636058,0.9557830794727044,0.9410441059636058
2,0,search,1,8,0.15,0.85,8,1,0.85,0.15,0,0.49497474683058323,0.9899494936611665,0.4242640687119285,0.04599649030190234,0.0,0.18909701675661697,0.9540035096980977,0.9655026322735732,0.9540035096980977
2,0,search,1,9,0.15,0.95,8,1,0.85,0.15,0,0.5700877125495689,1.0630145812734648,0.49999999999999994,0.03473263393484306,0.0,0.1795227388446166,0.965267366065157,0.9739505245488677,0.965267366065157
2,0,search,2,0,0.25,0.05,8,1,0.85,0.15,0,0.51478150704935,0.6082762530298219,0.447213595499958,0.04766029159544517,0.0,0.19051124785612839,0.9523397084045548,0.9642547813034161,0.9523397084045548
2,0,search,2,1,0.25,0.15,8,1,0.85,0.15,0,0.4301162633521313,0.6,0.36055512754639896,0.0642782870214601,0.0,0.20463654396824107,0.9357217129785399,0.951791284733905,0.9357217129785399
2,0,search,2,2,0.25,0.25,8,1,0.85,0.15,0,0.3535533905932738,0.6082762530298219,0.28284271247461906,0.08480913942010147,0.0,0.22208776850708623,0.9151908605798985,0.9363931454349239,0.9151908605798985
2,0,search,2,3,0.25,0.35,8,1,0.85,0.15,0,0.29154759474226505,0.6324555320336759,0.22360679774997902,0.10620757371288601,0.0,0.2402764376559531,0.893792426287114,0.9203443197153355,0.893792426287114
2,0,search,2,4,0.25,0.45,8,1,0.85,0.15,0,0.25495097567963926,0.6708203932499369,0.2,0.11825859597296857,0.0,0.2505198065770233,0.8817414040270314,0.9113060530202736,0.8817414040270314
2,0,search,2,5,0.25,0.55,8,1,0.85,0.15,0,0.25495097567963926,0.7211102550927979,0.2,0.11717576095217806,0.0,0.24959939680935134,0.8828242390478219,0.9121181792858665,0.8828242390478219
2,0,search,2,6,0.25,0.65,8,1,0.85,0.15,0,0.29154759474226505,0.7810249675906654,0.22360679774997896,0.10311785440665182,0.0,0.23765017624565404,0.8968821455933482,0.9226616091950112,0.8968821455933482
2,0,search,2,7,0.25,0.75,8,1,0.85,0.15,0,0.3535533905932738,0.848528137423857,0.282842712474619,0.08020626486350234,0.0,0.21817532513397697,0.9197937351364976,0.9398453013523732,0.9197937351364976
2,0,search,2,8,0.25,0.85,8,1,0.85,0.15,0,0.4301162633521313,0.9219544457292888,0.36055512754639885,0.05895589403639422,0.0,0.20011250993093507,0.9410441059636058,0.9557830794727044,0.9410441059636058
2,0,search,2,9,0.25,0.95,8,1,0.85,0.15,0,0.51478150704935,0.9999999999999999,0.44721359549995787,0.042503363799902216,0.0,0.18612785922991687,0.9574966362000978,0.9681224771500734,0.9574966362000978
2,0,search,3,0,0.35,0.05,8,1,0.85,0.15,0,0.4743416490252569,0.5099019513592785,0.4123105625617661,0.06063091140988747,0.0,0.20153627469840435,0.9393690885901125,0.9545268164425844,0.9393690885901125
2,0,search,3,1,0.35,0.15,8,1,0.85,0.15,0,0.3807886552931954,0.5,0.316227766016838,0.08317488445762287,0.0,0.22069865178897943,0.9168251155423771,0.9376188366567828,0.9168251155423771
2,0,search,3,2,0.35,0.25,8,1,0.85,0.15,0,0.29154759474226505,0.5099019513592785,0.22360679774997902,0.11360861461893326,0.0,0.24656732242609325,0.8863913853810668,0.9147935390358001,0.8863913853810668
2,0,search,3,3,0.35,0.35,8,1,0.85,0.15,0,0.21213203435596428,0.5385164807134504,0.14142135623730956,0.15300716596903635,0.0,0.2800560910736809,0.8469928340309636,0.8852446255232227,0.8469928340309636
2,0,search,3,4,0.35,0.45,8,1,0.85,0.15,0,0.15811388300841897,0.5830951894845301,0.10000000000000003,0.18226098328163015,0.0,0.3049218357893856,0.8177390167183698,0.8633042625387775,0.8177390167183698
2,0,search,3,5,0.35,0.55,8,1,0.85,0.15,0,0.158113883008419,0.6403124237432849,0.10000000000000003,0.17983871049256225,0.0,0.3028629039186779,0.8201612895074377,0.8651209671305783,0.8201612895074377
2,0,search,3,6,0.35,0.65,8,1,0.85,0.15,0,0.21213203435596428,0.7071067811865476,0.14142135623730953,0.14603154016707534,0.0,0.27412680914201404,0.8539684598329247,0.8904763448746935,0.8539684598329247
2,0,search,3,7,0.35,0.75,8,1,0.85,0.15,0,0.29154759474226505,0.7810249675906654,0.22360679774997894,0.10311785440665185,0.0,0.23765017624565404,0.8968821455933481,0.9226616091950111,0.8968821455933481
2,0,search,3,8,0.35,0.85,8,1,0.85,0.15,0,0.3807886552931954,0.8602325267042626,0.3162277660168379,0.07107230051428456,0.0,0.21041145543714188,0.9289276994857154,0.9466957746142866,0.9289276994857154
2,0,search,3,9,0.35,0.95,8,1,0.85,0.15,0,0.4743416490252569,0.9433981132056604,0.41231056256176596,0.04915571367295091,0.0,0.19178235662200827,0.9508442863270491,0.9631332147452868,0.9508442863270491
2,0,search,4,0,0.45,0.05,8,1,0.85,0.15,0,0.45276925690687087,0.412310562561766,0.4,0.07802938836368223,0.0,0.21632498010912987,0.9219706116363178,0.9414779587272384,0.9219706116363178
2,0,search,4,1,0.45,0.15,8,1,0.85,0.15,0,0.35355339059327373,0.39999999999999997,0.30000000000000004,0.10526245083737504,0.0,0.23947308321176877,0.8947375491626249,0.9210531618719687,0.8947375491626249
2,0,search,4,2,0.45,0.25,8,1,0.85,0.15,0,0.25495097567963926,0.412310562561766,0.2,0.1408468622338676,0.0,0.2697198328987874,0.8591531377661323,0.8943648533245993,0.8591531377661323
2,0,search,4,3,0.45,0.35,8,1,0.85,0.15,0,0.15811388300841897,0.44721359549995787,0.10000000000000003,0.19522368579830116,0.0,0.31594013292855594,0.8047763142016988,0.8535822356512741,0.8047763142016988
2,0,search,4,4,0.45,0.45,8,1,0.85,0.15,0,0.07071067811865474,0.5,0.0,0.2841496312448216,0.5,0.3915271865580984,0.7158503687551784,0.7868877765663838,0.7158503687551784
2,0,search,4,5,0.45,0.55,8,1,0.85,0.15,0,0.07071067811865478,0.565685424949238,0.0,0.2789093187666105,0.5,0.38707292095161894,0.7210906812333895,0.7908180109250421,0.7210906812333895
2,0,search,4,6,0.45,0.65,8,1,0.85,0.15,0,0.15811388300841897,0.6403124237432849,0.09999999999999998,0.1798387104925623,0.0,0.302862903918678,0.8201612895074377,0.8651209671305783,0.8201612895074377
2,0,search,4,7,0.45,0.75,8,1,0.85,0.15,0,0.25495097567963926,0.7211102550927978,0.19999999999999996,0.11717576095217809,0.0,0.24959939680935136,0.8828242390478219,0.9121181792858665,0.8828242390478219
2,0,search,4,8,0.45,0.85,8,1,0.85,0.15,0,0.35355339059327373,0.8062257748298549,0.29999999999999993,0.07783548800655572,0.0,0.21616016480557237,0.9221645119934443,0.9416233839950832,0.9221645119934443
2,0,search,4,9,0.45,0.95,8,1,0.85,0.15,0,0.4527692569068708,0.8944271909999157,0.3999999999999999,0.052718450512192545,0.0,0.19481068293536366,0.9472815494878074,0.9604611621158556,0.9472815494878074
2,0,search,5,0,0.55,0.05,8,1,0.85,0.15,0,0.45276925690687087,0.31622776601683783,0.4,0.10794324747484942,0.0,0.241751760353622,0.8920567525251506,0.9190425643938629,0.8920567525251506
2,0,search,5,1,0.55,0.15,8,1,0.85,0.15,0,0.35355339059327373,0.29999999999999993,0.30000000000000004,0.14023147535510747,0.0,0.26919675405184135,0.8597685246448925,0.8948263934836694,0.8597685246448925
2,0,search,5,2,0.55,0.25,8,1,0.85,0.15,0,0.25495097567963926,0.31622776601683783,0.2,0.17076072134503478,0.0,0.29514661314327956,0.8292392786549652,0.8719294589912239,0.8292392786549652
2,0,search,5,3,0.55,0.35,8,1,0.85,0.15,0,0.158113883008419,0.36055512754639885,0.10000000000000003,0.21478615086649008,0.0,0.33256822823651655,0.7852138491335099,0.8389103868501324,0.7852138491335099
2,0,search,5,4,0.55,0.45,8,1,0.85,0.15,0,0.07071067811865478,0.4242640687119285,0.0,0.29482791709387224,0.5,0.4006037295297914,0.7051720829061278,0.7788790621795958,0.7051720829061278
2,0,search,5,5,0.55,0.55,8,1,0.85,0.15,0,0.07071067811865482,0.49999999999999994,0.0,0.2841496312448216,0.5,0.3915271865580984,0.7158503687551784,0.7868877765663838,0.7158503687551784
2,0,search,5,6,0.55,0.65,8,1,0.85,0.15,0,0.158113883008419,0.58309518948453,0.09999999999999998,0.18226098328163018,0.0,0.30492183578938564,0.8177390167183698,0.8633042625387773,0.8177390167183698
2,0,search,5,7,0.55,0.75,8,1,0.85,0.15,0,0.25495097567963926,0.6708203932499369,0.19999999999999996,0.1182585959729686,0.0,0.25051980657702333,0.8817414040270314,0.9113060530202736,0.8817414040270314
2,0,search,5,8,0.55,0.85,8,1,0.85,0.15,0,0.35355339059327373,0.7615773105863908,0.29999999999999993,0.07831054736759455,0.0,0.21656396526245536,0.9216894526324054,0.941267089474304,0.9216894526324054
2,0,search,5,9,0.55,0.95,8,1,0.85,0.15,0,0.4527692569068708,0.854400374531753,0.3999999999999999,0.052924688338701904,0.0,0.1949859850878966,0.9470753116612981,0.9603064837459736,0.9470753116612981
2,0,search,6,0,0.65,0.05,8,1,0.85,0.15,0,0.4743416490252569,0.2236067977499789,0.4123105625617661,0.1657924846816505,0.0,0.2909236119794029,0.8342075153183495,0.8756556364887621,0.8342075153183495
2,0,search,6,1,0.65,0.15,8,1,0.85,0.15,0,0.3807886552931954,0.19999999999999996,0.31622776601683794,0.2116814998317678,0.0,0.32992927485700263,0.7883185001682322,0.8412388751261741,0.7883185001682322
2,0,search,6,2,0.65,0.25,8,1,0.85,0.15,0,0.29154759474226505,0.22360679774997894,0.22360679774997896,0.2187701878906963,0.0,0.3359546597070918,0.7812298121093038,0.8359223590819778,0.7812298121093038
2,0,search,6,3,0.65,0.35,8,1,0.85,0.15,0,0.21213203435596428,0.28284271247461895,0.14142135623730953,0.2164314428969303,0.0,0.3339667264623908,0.7835685571030697,0.8376764178273023,0.7835685571030697
2,0,search,6,4,0.65,0.45,8,1,0.85,0.15,0,0.15811388300841897,0.36055512754639896,0.09999999999999998,0.2147861508664901,0.0,0.33256822823651655,0.7852138491335099,0.8389103868501324,0.7852138491335099
2,0,search,6,5,0.65,0.55,8,1,0.85,0.15,0,0.158113883008419,0.4472135954999579,0.09999999999999998,0.19522368579830118,0.0,0.315940132928556,0.8047763142016988,0.8535822356512741,0.8047763142016988
2,0,search,6,6,0.65,0.65,8,1,0.85,0.15,0,0.21213203435596428,0.5385164807134504,0.14142135623730948,0.15300716596903635,0.0,0.2800560910736809,0.8469928340309636,0.8852446255232227,0.8469928340309636
2,0,search,6,7,0.65,0.75,8,1,0.85,0.15,0,0.29154759474226505,0.6324555320336759,0.2236067977499789,0.10620757371288604,0.0,0.24027643765595313,0.893792426287114,0.9203443197153355,0.893792426287114
2,0,search,6,8,0.65,0.85,8,1,0.85,0.15,0,0.3807886552931954,0.7280109889280517,0.31622776601683783,0.07242278625544414,0.0,0.21155936831712752,0.9275772137445558,0.9456829103084169,0.9275772137445558
2,0,search,6,9,0.65,0.95,8,1,0.85,0.15,0,0.4743416490252569,0.824621125123532,0.41231056256176596,0.04974154668539657,0.0,0.19228031468258708,0.9502584533146035,0.9626938399859526,0.9502584533146035
2,0,search,7,0,0.75,0.05,8,1,0.85,0.15,0,0.51478150704935,0.14142135623730948,0.4472135954999579,0.2680820507529161,0.5,0.3778697431399787,0.731917949247084,0.7989384619353129,0.731917949247084
2,0,search,7,1,0.75,0.15,8,1,0.85,0.15,0,0.4301162633521313,0.09999999999999998,0.36055512754639896,0.37304773896920124,0.5,0.46709057812382104,0.6269522610307987,0.7202141957730991,0.6269522610307987
2,0,search,7,2,0.75,0.25,8,1,0.85,0.15,0,0.3535533905932738,0.1414213562373095,0.282842712474619,0.30523089857757224,0.5,0.4094462637909364,0.6947691014224278,0.7710768260668208,0.6947691014224278
2,0,search,7,3,0.75,0.35,8,1,0.85,0.15,0,0.29154759474226505,0.22360679774997894,0.22360679774997894,0.21877018789069633,0.0,0.3359546597070919,0.7812298121093036,0.8359223590819778,0.7812298121093036
2,0,search,7,4,0.75,0.45,8,1,0.85,0.15,0,0.25495097567963926,0.31622776601683794,0.19999999999999996,0.17076072134503478,0.0,0.29514661314327956,0.8292392786549652,0.8719294589912239,0.8292392786549652
2,0,search,7,5,0.75,0.55,8,1,0.85,0.15,0,0.25495097567963926,0.41231056256176607,0.19999999999999996,0.14084686223386764,0.0,0.2697198328987875,0.8591531377661323,0.8943648533245993,0.8591531377661323
2,0,search,7,6,0.75,0.65,8,1,0.85,0.15,0,0.29154759474226505,0.5099019513592785,0.2236067977499789,0.11360861461893329,0.0,0.2465673224260933,0.8863913853810668,0.9147935390358001,0.8863913853810668
2,0,search,7,7,0.75,0.75,8,1,0.85,0.15,0,0.3535533905932738,0.6082762530298219,0.28284271247461895,0.08480913942010147,0.0,0.22208776850708623,0.9151908605798985,0.9363931454349239,0.9151908605798985
2,0,search,7,8,0.75,0.85,8,1,0.85,0.15,0,0.4301162633521313,0.7071067811865475,0.36055512754639885,0.06096290658079844,0.0,0.20181847059367866,0.9390370934192016,0.9542778200644012,0.9390370934192016
2,0,search,7,9,0.75,0.95,8,1,0.85,0.15,0,0.51478150704935,0.8062257748298549,0.4472135954999578,0.04337511991440748,0.0,0.18686885192724634,0.9566248800855925,0.9674686600641944,0.9566248800855925
2,0,search,8,0,0.85,0.05,8,1,0.85,0.15,0,0.570087712549569,0.09999999999999999,0.5,0.34912106607906584,0.5,0.446752906167206,0.6508789339209342,0.7381592004407006,0.6508789339209342
2,0,search,8,1,0.85,0.15,8,1,0.85,0.15,1,0.49497474683058323,0.0,0.4242640687119285,1.0,1.0,1.0,0.0,0.25,0.0
2,0,search,8,2,0.85,0.25,8,1,0.85,0.15,0,0.4301162633521313,0.1,0.36055512754639885,0.3730477389692012,0.5,0.46709057812382104,0.6269522610307988,0.7202141957730991,0.6269522610307988
2,0,search,8,3,0.85,0.35,8,1,0.85,0.15,0,0.3807886552931954,0.19999999999999998,0.3162277660168379,0.2116814998317678,0.0,0.32992927485700263,0.7883185001682322,0.8412388751261741,0.7883185001682322
2,0,search,8,4,0.85,0.45,8,1,0.85,0.15,0,0.35355339059327373,0.30000000000000004,0.29999999999999993,0.14023147535510744,0.0,0.2691967540518413,0.8597685246448925,0.8948263934836694,0.8597685246448925
2,0,search,8,5,0.85,0.55,8,1,0.85,0.15,0,0.35355339059327373,0.4,0.29999999999999993,0.10526245083737504,0.0,0.23947308321176877,0.8947375491626249,0.9210531618719687,0.8947375491626249
2,0,search,8,6,0.85,0.65,8,1,0.85,0.15,0,0.3807886552931954,0.5,0.31622776601683783,0.0831748844576229,0.0,0.22069865178897946,0.9168251155423771,0.9376188366567828,0.9168251155423771
2,0,search,8,7,0.85,0.75,8,1,0.85,0.15,0,0.4301162633521313,0.6,0.36055512754639885,0.06427828702146013,0.0,0.2046365439682411,0.9357217129785399,0.951791284733905,0.9357217129785399
2,0,search,8,8,0.85,0.85,8,1,0.85,0.15,0,0.49497474683058323,0.7,0.4242640687119284,0.048330510471048485,0.0,0.19108093390039121,0.9516694895289515,0.9637521171467136,0.9516694895289515
2,0,search,8,9,0.85,0.95,8,1,0.85,0.15,0,0.5700877125495689,0.7999999999999999,0.4999999999999999,0.03575388128823253,0.0,0.18039079909499764,0.9642461187117675,0.9731845890338257,0.9642461187117675
2,0,search,9,0,0.95,0.05,8,1,0.85,0.15,0,0.6363961030678927,0.14142135623730948,0.565685424949238,0.25307915536782116,0.5,0.365117282062648,0.7469208446321789,0.8101906334741341,0.7469208446321789
2,0,search,9,1,0.95,0.15,8,1,0.85,0.15,0,0.5700877125495689,0.09999999999999998,0.49999999999999994,0.3491210660790659,0.5,0.446752906167206,0.6508789339209341,0.7381592004407006,0.6508789339209341
2,0,search,9,2,0.95,0.25,8,1,0.85,0.15,0,0.51478150704935,0.1414213562373095,0.44721359549995787,0.26808205075291597,0.5,0.37786974313997856,0.731917949247084,0.798938461935313,0.731917949247084
2,0,search,9,3,0.95,0.35,8,1,0.85,0.15,0,0.4743416490252569,0.22360679774997894,0.41231056256176596,0.1657924846816505,0.0,0.2909236119794029,0.8342075153183495,0.8756556364887621,0.8342075153183495
2,0,search,9,4,0.95,0.45,8,1,0.85,0.15,0,0.4527692569068708,0.31622776601683794,0.3999999999999999,0.10794324747484939,0.0,0.24175176035362198,0.8920567525251506,0.919042564393863,0.8920567525251506
2,0,search,9,5,0.95,0.55,8,1,0.85,0.15,0,0.4527692569068708,0.41231056256176607,0.3999999999999999,0.07802938836368224,0.0,0.2163249801091299,0.9219706116363178,0.9414779587272383,0.9219706116363178
2,0,search,9,6,0.95,0.65,8,1,0.85,0.15,0,0.4743416490252569,0.5099019513592785,0.41231056256176596,0.06063091140988748,0.0,0.20153627469840435,0.9393690885901125,0.9545268164425844,0.9393690885901125
2,0,search,9,7,0.95,0.75,8,1,0.85,0.15,0,0.51478150704935,0.6082762530298219,0.4472135954999578,0.04766029159544518,0.0,0.19051124785612839,0.9523397084045548,0.9642547813034161,0.9523397084045548
2,0,search,9,8,0.95,0.85,8,1,0.85,0.15,0,0.5700877125495689,0.7071067811865475,0.4999999999999999,0.03703623369066311,0.0,0.18148079863706362,0.9629637663093369,0.9722228247320026,0.9629637663093369
2,0,search,9,9,0.95,0.95,8,1,0.85,0.15,0,0.6363961030678927,0.8062257748298549,0.5656854249492379,0.02837222452931259,0.0,0.1741163908499157,0.9716277754706875,0.9787208316030156,0.9716277754706875
3,0,search,0,0,0.05,0.05,8,8,0.85,0.85,0,0.6363961030678927,1.131370849898476,0.5656854249492381,0.02734773889401909,0.0,0.17324557805991622,0.9726522611059809,0.9794891958294857,0.9726522611059809
3,0,search,0,1,0.05,0.15,8,8,0.85,0.85,0,0.570087712549569,1.0630145812734648,0.5,0.03473263393484306,0.0,0.1795227388446166,0.965267366065157,0.9739505245488677,0.965267366065157
3,0,search,0,2,0.05,0.25,8,8,0.85,0.85,0,0.51478150704935,0.9999999999999999,0.447213595499958,0.04250336379990221,0.0,0.18612785922991687,0.9574966362000978,0.9681224771500734,0.9574966362000978
3,0,search,0,3,0.05,0.35,8,8,0.85,0.85,0,0.47434164902525694,0.9433981132056604,0.4123105625617661,0.049155713672950886,0.0,0.19178235662200824,0.9508442863270491,0.9631332147452868,0.9508442863270491
3,0,search,0,4,0.05,0.45,8,8,0.85,0.85,0,0.45276925690687087,0.8944271909999157,0.4,0.052718450512192525,0.0,0.19481068293536363,0.9472815494878075,0.9604611621158556,0.9472815494878075
3,0,search,0,5,0.05,0.55,8,8,0.85,0.85,0,0.45276925690687087,0.854400374531753,0.4,0.052924688338701883,0.0,0.1949859850878966,0.9470753116612981,0.9603064837459736,0.9470753116612981
3,0,search,0,6,0.05,0.65,8,8,0.85,0.85,0,0.47434164902525694,0.824621125123532,0.4123105625617661,0.04974154668539655,0.0,0.19228031468258705,0.9502584533146035,0.9626938399859526,0.9502584533146035
3,0,search,0,7,0.05,0.75,8,8,0.85,0.85,0,0.51478150704935,0.8062257748298549,0.4472135954999579,0.04337511991440747,0.0,0.18686885192724634,0.9566248800855925,0.9674686600641944,0.9566248800855925
3,0,search,0,8,0.05,0.85,8,8,0.85,0.85,0,0.570087712549569,0.7999999999999999,0.5,0.03575388128823252,0.0,0.18039079909499764,0.9642461187117675,0.9731845890338257,0.9642461187117675
3,0,search,0,9,0.05,0.95,8,8,0.85,0.85,0,0.6363961030678927,0.8062257748298549,0.565685424949238,0.028372224529312588,0.0,0.1741163908499157,0.9716277754706875,0.9787208316030156,0.9716277754706875
3,0,search,1,0,0.15,0.05,8,8,0.85,0.85,0,0.570087712549569,1.0630145812734648,0.5,0.03473263393484306,0.0,0.1795227388446166,0.965267366065157,0.9739505245488677,0.965267366065157
3,0,search,1,1,0.15,0.15,8,8,0.85,0.85,0,0.49497474683058323,0.9899494936611665,0.42426406871192857,0.04599649030190233,0.0,0.18909701675661697,0.9540035096980977,0.9655026322735732,0.9540035096980977
3,0,search,1,2,0.15,0.25,8,8,0.85,0.85,0,0.4301162633521313,0.9219544457292886,0.36055512754639896,0.05895589403639421,0.0,0.20011250993093507,0.9410441059636058,0.9557830794727044,0.9410441059636058
3,0,search,1,3,0.15,0.35,8,8,0.85,0.85,0,0.3807886552931954,0.8602325267042626,0.316227766016838,0.07107230051428454,0.0,0.21041145543714185,0.9289276994857154,0.9466957746142866,0.9289276994857154
3,0,search,1,4,0.15,0.45,8,8,0.85,0.85,0,0.35355339059327373,0.8062257748298549,0.30000000000000004,0.07783548800655571,0.0,0.21616016480557235,0.9221645119934443,0.9416233839950832,0.9221645119934443
3,0,search,1,5,0.15,0.55,8,8,0.85,0.85,0,0.35355339059327373,0.7615773105863908,0.30000000000000004,0.07831054736759453,0.0,0.21656396526245536,0.9216894526324054,0.941267089474304,0.9216894526324054
3,0,search,1,6,0.15,0.65,8,8,0.85,0.85,0,0.3807886552931954,0.7280109889280517,0.31622776601683794,0.07242278625544414,0.0,0.21155936831712752,0.9275772137445558,0.9456829103084169,0.9275772137445558
3,0,search,1,7,0.15,0.75,8,8,0.85,0.85,0,0.4301162633521313,0.7071067811865475,0.36055512754639896,0.06096290658079843,0.0,0.20181847059367866,0.9390370934192016,0.9542778200644012,0.9390370934192016
3,0,search,1,8,0.15,0.85,8,8,0.85,0.85,0,0.49497474683058323,0.7,0.4242640687119285,0.04833051047104848,0.0,0.19108093390039121,0.9516694895289515,0.9637521171467136,0.9516694895289515
3,0,search,1,9,0.15,0.95,8,8,0.85,0.85,0,0.5700877125495689,0.7071067811865475,0.49999999999999994,0.037036233690663105,0.0,0.18148079863706362,0.9629637663093369,0.9722228247320027,0.9629637663093369
3,0,search,2,0,0.25,0.05,8,8,0.85,0.85,0,0.51478150704935,0.9999999999999999,0.447213595499958,0.04250336379990221,0.0,0.18612785922991687,0.9574966362000978,0.9681224771500734,0.9574966362000978
3,0,search,2,1,0.25,0.15,8,8,0.85,0.85,0,0.4301162633521313,0.9219544457292888,0.36055512754639896,0.05895589403639421,0.0,0.20011250993093507,0.9410441059636058,0.9557830794727044,0.9410441059636058
3,0,search,2,2,0.25,0.25,8,8,0.85,0.85,0,0.3535533905932738,0.848528137423857,0.28284271247461906,0.08020626486350234,0.0,0.21817532513397697,0.9197937351364976,0.9398453013523732,0.9197937351364976
3,0,search,2,3,0.25,0.35,8,8,0.85,0.85,0,0.29154759474226505,0.7810249675906654,0.22360679774997902,0.10311785440665182,0.0,0.23765017624565404,0.8968821455933482,0.9226616091950112,0.8968821455933482
3,0,search,2,4,0.25,0.45,8,8,0.85,0.85,0,0.25495097567963926,0.7211102550927978,0.2,0.11717576095217806,0.0,0.24959939680935134,0.8828242390478219,0.9121181792858665,0.8828242390478219
3,0,search,2,5,0.25,0.55,8,8,0.85,0.85,0,0.25495097567963926,0.6708203932499369,0.2,0.11825859597296857,0.0,0.2505198065770233,0.8817414040270314,0.9113060530202736,0.8817414040270314
3,0,search,2,6,0.25,0.65,8,8,0.85,0.85,0,0.29154759474226505,0.6324555320336759,0.22360679774997896,0.10620757371288601,0.0,0.2402764376559531,0.893792426287114,0.9203443197153355,0.893792426287114
3,0,search,2,7,0.25,0.75,8,8,0.85,0.85,0,0.3535533905932738,0.6082762530298219,0.282842712474619,0.08480913942010147,0.0,0.22208776850708623,0.9151908605798985,0.9363931454349239,0.9151908605798985
3,0,search,2,8,0.25,0.85,8,8,0.85,0.85,0,0.4301162633521313,0.6,0.36055512754639885,0.06427828702146013,0.0,0.2046365439682411,0.9357217129785399,0.951791284733905,0.9357217129785399
3,0,search,2,9,0.25,0.95,8,8,0.85,0.85,0,0.51478150704935,0.6082762530298219,0.44721359549995787,0.04766029159544518,0.0,0.19051124785612839,0.9523397084045548,0.9642547813034161,0.9523397084045548
3,0,search,3,0,0.35,0.05,8,8,0.85,0.85,0,0.4743416490252569,0.9433981132056604,0.4123105625617661,0.04915571367295089,0.0,0.19178235662200827,0.9508442863270491,0.9631332147452868,0.9508442863270491
3,0,search,3,1,0.35,0.15,8,8,0.85,0.85,0,0.3807886552931954,0.8602325267042626,0.316227766016838,0.07107230051428454,0.0,0.21041145543714185,0.9289276994857154,0.9466957746142866,0.9289276994857154
3,0,search,3,2,0.35,0.25,8,8,0.85,0.85,0,0.29154759474226505,0.7810249675906654,0.22360679774997902,0.10311785440665182,0.0,0.23765017624565404,0.8968821455933482,0.9226616091950112,0.8968821455933482
3,0,search,3,3,0.35,0.35,8,8,0.85,0.85,0,0.21213203435596428,0.7071067811865476,0.14142135623730956,0.14603154016707534,0.0,0.27412680914201404,0.8539684598329247,0.8904763448746935,0.8539684598329247
3,0,search,3,4,0.35,0.45,8,8,0.85,0.85,0,0.15811388300841897,0.6403124237432849,0.10000000000000003,0.17983871049256228,0.0,0.30286290391867793,0.8201612895074377,0.8651209671305783,0.8201612895074377
3,0,search,3,5,0.35,0.55,8,8,0.85,0.85,0,0.158113883008419,0.58309518948453,0.10000000000000003,0.18226098328163012,0.0,0.3049218357893856,0.8177390167183699,0.8633042625387775,0.8177390167183699
3,0,search,3,6,0.35,0.65,8,8,0.85,0.85,0,0.21213203435596428,0.5385164807134504,0.14142135623730953,0.15300716596903635,0.0,0.2800560910736809,0.8469928340309636,0.8852446255232227,0.8469928340309636
3,0,search,3,7,0.35,0.75,8,8,0.85,0.85,0,0.29154759474226505,0.5099019513592785,0.22360679774997894,0.11360861461893329,0.0,0.2465673224260933,0.8863913853810668,0.9147935390358001,0.8863913853810668
3,0,search,3,8,0.35,0.85,8,8,0.85,0.85,0,0.3807886552931954,0.5,0.3162277660168379,0.0831748844576229,0.0,0.22069865178897946,0.9168251155423771,0.9376188366567828,0.9168251155423771
3,0,search,3,9,0.35,0.95,8,8,0.85,0.85,0,0.4743416490252569,0.5099019513592785,0.41231056256176596,0.06063091140988748,0.0,0.20153627469840435,0.9393690885901125,0.9545268164425844,0.9393690885901125
3,0,search,4,0,0.45,0.05,8,8,0.85,0.85,0,0.45276925690687087,0.8944271909999157,0.4,0.052718450512192525,0.0,0.19481068293536363,0.9472815494878075,0.9604611621158556,0.9472815494878075
3,0,search,4,1,0.45,0.15,8,8,0.85,0.85,0,0.35355339059327373,0.8062257748298549,0.30000000000000004,0.07783548800655571,0.0,0.21616016480557235,0.9221645119934443,0.9416233839950832,0.9221645119934443
3,0,search,4,2,0.45,0.25,8,8,0.85,0.85,0,0.25495097567963926,0.7211102550927978,0.2,0.11717576095217806,0.0,0.24959939680935134,0.8828242390478219,0.9121181792858665,0.8828242390478219
3,0,search,4,3,0.45,0.35,8,8,0.85,0.85,0,0.15811388300841897,0.6403124237432849,0.10000000000000003,0.17983871049256228,0.0,0.30286290391867793,0.8201612895074377,0.8651209671305783,0.8201612895074377
3,0,search,4,4,0.45,0.45,8,8,0.85,0.85,0,0.07071067811865474,0.565685424949238,0.0,0.2789093187666105,0.5,0.38707292095161894,0.7210906812333895,0.7908180109250421,0.7210906812333895
3,0,search,4,5,0.45,0.55,8,8,0.85,0.85,0,0.07071067811865478,0.49999999999999994,0.0,0.2841496312448216,0.5,0.3915271865580984,0.7158503687551784,0.7868877765663838,0.7158503687551784
3,0,search,4,6,0.45,0.65,8,8,0.85,0.85,0,0.15811388300841897,0.44721359549995787,0.09999999999999998,0.19522368579830118,0.0,0.315940132928556,0.8047763142016988,0.8535822356512741,0.8047763142016988
3,0,search,4,7,0.45,0.75,8,8,0.85,0.85,0,0.25495097567963926,0.412310562561766,0.19999999999999996,0.14084686223386764,0.0,0.2697198328987875,0.8591531377661323,0.8943648533245993,0.8591531377661323
3,0,search,4,8,0.45,0.85,8,8,0.85,0.85,0,0.35355339059327373,0.39999999999999997,0.29999999999999993,0.10526245083737505,0.0,0.2394730832117688,0.8947375491626249,0.9210531618719687,0.8947375491626249
3,0,search,4,9,0.45,0.95,8,8,0.85,0.85,0,0.4527692569068708,0.412310562561766,0.3999999999999999,0.07802938836368226,0.0,0.21632498010912993,0.9219706116363178,0.9414779587272383,0.9219706116363178
3,0,search,5,0,0.55,0.05,8,8,0.85,0.85,0,0.45276925690687087,0.854400374531753,0.4,0.052924688338701883,0.0,0.1949859850878966,0.9470753116612981,0.9603064837459736,0.9470753116612981
3,0,search,5,1,0.55,0.15,8,8,0.85,0.85,0,0.35355339059327373,0.7615773105863908,0.30000000000000004,0.07831054736759453,0.0,0.21656396526245536,0.9216894526324054,0.941267089474304,0.9216894526324054
3,0,search,5,2,0.55,0.25,8,8,0.85,0.85,0,0.25495097567963926,0.6708203932499369,0.2,0.11825859597296857,0.0,0.2505198065770233,0.8817414040270314,0.9113060530202736,0.8817414040270314
3,0,search,5,3,0.55,0.35,8,8,0.85,0.85,0,0.158113883008419,0.58309518948453,0.10000000000000003,0.18226098328163012,0.0,0.3049218357893856,0.8177390167183699,0.8633042625387775,0.8177390167183699
3,0,search,5,4,0.55,0.45,8,8,0.85,0.85,0,0.07071067811865478,0.4999999999999999,0.0,0.2841496312448216,0.5,0.3915271865580984,0.7158503687551784,0.7868877765663838,0.7158503687551784
3,0,search,5,5,0.55,0.55,8,8,0.85,0.85,0,0.07071067811865482,0.4242640687119284,0.0,0.29482791709387224,0.5,0.4006037295297914,0.7051720829061278,0.7788790621795958,0.7051720829061278
3,0,search,5,6,0.55,0.65,8,8,0.85,0.85,0,0.158113883008419,0.36055512754639885,0.09999999999999998,0.21478615086649014,0.0,0.3325682282365166,0.7852138491335099,0.8389103868501324,0.7852138491335099
3,0,search,5,7,0.55,0.75,8,8,0.85,0.85,0,0.25495097567963926,0.31622776601683783,0.19999999999999996,0.1707607213450348,0.0,0.2951466131432796,0.8292392786549652,0.8719294589912239,0.8292392786549652
3,0,search,5,8,0.55,0.85,8,8,0.85,0.85,0,0.35355339059327373,0.29999999999999993,0.29999999999999993,0.1402314753551075,0.0,0.26919675405184135,0.8597685246448925,0.8948263934836693,0.8597685246448925
3,0,search,5,9,0.55,0.95,8,8,0.85,0.85,0,0.4527692569068708,0.31622776601683783,0.3999999999999999,0.10794324747484943,0.0,0.241751760353622,0.8920567525251506,0.9190425643938629,0.8920567525251506
3,0,search,6,0,0.65,0.05,8,8,0.85,0.85,0,0.4743416490252569,0.824621125123532,0.4123105625617661,0.04974154668539656,0.0,0.19228031468258705,0.9502584533146035,0.9626938399859526,0.9502584533146035
3,0,search,6,1,0.65,0.15,8,8,0.85,0.85,0,0.3807886552931954,0.7280109889280517,0.31622776601683794,0.07242278625544414,0.0,0.21155936831712752,0.9275772137445558,0.9456829103084169,0.9275772137445558
3,0,search,6,2,0.65,0.25,8,8,0.85,0.85,0,0.29154759474226505,0.6324555320336759,0.22360679774997896,0.10620757371288601,0.0,0.2402764376559531,0.893792426287114,0.9203443197153355,0.893792426287114
3,0,search,6,3,0.65,0.35,8,8,0.85,0.85,0,0.21213203435596428,0.5385164807134504,0.14142135623730953,0.15300716596903635,0.0,0.2800560910736809,0.8469928340309636,0.8852446255232227,0.8469928340309636
3,0,search,6,4,0.65,0.45,8,8,0.85,0.85,0,0.15811388300841897,0.44721359549995787,0.09999999999999998,0.19522368579830118,0.0,0.315940132928556,0.8047763142016988,0.8535822356512741,0.8047763142016988
3,0,search,6,5,0.65,0.55,8,8,0.85,0.85,0,0.158113883008419,0.36055512754639885,0.09999999999999998,0.21478615086649014,0.0,0.3325682282365166,0.7852138491335099,0.8389103868501324,0.7852138491335099
3,0,search,6,6,0.65,0.65,8,8,0.85,0.85,0,0.21213203435596428,0.28284271247461895,0.14142135623730948,0.2164314428969303,0.0,0.3339667264623908,0.7835685571030697,0.8376764178273023,0.7835685571030697
3,0,search,6,7,0.65,0.75,8,8,0.85,0.85,0,0.29154759474226505,0.2236067977499789,0.2236067977499789,0.21877018789069635,0.0,0.33595465970709193,0.7812298121093036,0.8359223590819778,0.7812298121093036
3,0,search,6,8,0.65,0.85,8,8,0.85,0.85,0,0.3807886552931954,0.19999999999999996,0.31622776601683783,0.2116814998317678,0.0,0.32992927485700263,0.7883185001682322,0.8412388751261741,0.7883185001682322
3,0,search,6,9,0.65,0.95,8,8,0.85,0.85,0,0.4743416490252569,0.2236067977499789,0.41231056256176596,0.16579248468165053,0.0,0.290923611979403,0.8342075153183495,0.8756556364887621,0.8342075153183495
3,0,search,7,0,0.75,0.05,8,8,0.85,0.85,0,0.51478150704935,0.8062257748298549,0.4472135954999579,0.04337511991440747,0.0,0.18686885192724634,0.9566248800855925,0.9674686600641944,0.9566248800855925
3,0,search,7,1,0.75,0.15,8,8,0.85,0.85,0,0.4301162633521313,0.7071067811865475,0.36055512754639896,0.06096290658079843,0.0,0.20181847059367866,0.9390370934192016,0.9542778200644012,0.9390370934192016
3,0,search,7,2,0.75,0.25,8,8,0.85,0.85,0,0.3535533905932738,0.6082762530298219,0.282842712474619,0.08480913942010147,0.0,0.22208776850708623,0.9151908605798985,0.9363931454349239,0.9151908605798985
3,0,search,7,3,0.75,0.35,8,8,0.85,0.85,0,0.29154759474226505,0.5099019513592785,0.22360679774997894,0.11360861461893329,0.0,0.2465673224260933,0.8863913853810668,0.9147935390358001,0.8863913853810668
3,0,search,7,4,0.75,0.45,8,8,0.85,0.85,0,0.25495097567963926,0.412310562561766,0.19999999999999996,0.14084686223386764,0.0,0.2697198328987875,0.8591531377661323,0.8943648533245993,0.8591531377661323
3,0,search,7,5,0.75,0.55,8,8,0.85,0.85,0,0.25495097567963926,0.31622776601683783,0.19999999999999996,0.1707607213450348,0.0,0.2951466131432796,0.8292392786549652,0.8719294589912239,0.8292392786549652
3,0,search,7,6,0.75,0.65,8,8,0.85,0.85,0,0.29154759474226505,0.2236067977499789,0.2236067977499789,0.21877018789069635,0.0,0.33595465970709193,0.7812298121093036,0.8359223590819778,0.7812298121093036
3,0,search,7,7,0.75,0.75,8,8,0.85,0.85,0,0.3535533905932738,0.14142135623730948,0.28284271247461895,0.30523089857757235,0.5,0.4094462637909365,0.6947691014224276,0.7710768260668207,0.6947691014224276
3,0,search,7,8,0.75,0.85,8,8,0.85,0.85,0,0.4301162633521313,0.09999999999999998,0.36055512754639885,0.37304773896920124,0.5,0.46709057812382104,0.6269522610307987,0.7202141957730991,0.6269522610307987
3,0,search,7,9,0.75,0.95,8,8,0.85,0.85,0,0.51478150704935,0.14142135623730948,0.4472135954999578,0.2680820507529161,0.5,0.3778697431399787,0.731917949247084,0.7989384619353129,0.731917949247084
3,0,search,8,0,0.85,0.05,8,8,0.85,0.85,0,0.570087712549569,0.7999999999999999,0.5,0.03575388128823252,0.0,0.18039079909499764,0.9642461187117675,0.9731845890338257,0.9642461187117675
3,0,search,8,1,0.85,0.15,8,8,0.85,0.85,0,0.49497474683058323,0.7,0.4242640687119285,0.04833051047104848,0.0,0.19108093390039121,0.9516694895289515,0.9637521171467136,0.9516694895289515
3,0,search,8,2,0.85,0.25,8,8,0.85,0.85,0,0.4301162633521313,0.6,0.36055512754639885,0.06427828702146013,0.0,0.2046365439682411,0.9357217129785399,0.951791284733905,0.9357217129785399
3,0,search,8,3,0.85,0.35,8,8,0.85,0.85,0,0.3807886552931954,0.5,0.3162277660168379,0.0831748844576229,0.0,0.22069865178897946,0.9168251155423771,0.9376188366567828,0.9168251155423771
3,0,search,8,4,0.85,0.45,8,8,0.85,0.85,0,0.35355339059327373,0.39999999999999997,0.29999999999999993,0.10526245083737505,0.0,0.2394730832117688,0.8947375491626249,0.9210531618719687,0.8947375491626249
3,0,search,8,5,0.85,0.55,8,8,0.85,0.85,0,0.35355339059327373,0.29999999999999993,0.29999999999999993,0.1402314753551075,0.0,0.26919675405184135,0.8597685246448925,0.8948263934836693,0.8597685246448925
3,0,search,8,6,0.85,0.65,8,8,0.85,0.85,0,0.3807886552931954,0.19999999999999996,0.31622776601683783,0.2116814998317678,0.0,0.32992927485700263,0.7883185001682322,0.8412388751261741,0.7883185001682322
3,0,search,8,7,0.85,0.75,8,8,0.85,0.85,0,0.4301162633521313,0.09999999999999998,0.36055512754639885,0.37304773896920124,0.5,0.46709057812382104,0.6269522610307987,0.7202141957730991,0.6269522610307987
3,0,search,8,8,0.85,0.85,8,8,0.85,0.85,1,0.49497474683058323,0.0,0.4242640687119284,1.0,1.0,1.0,0.0,0.25,0.0
3,0,search,8,9,0.85,0.95,8,8,0.85,0.85,0,0.5700877125495689,0.09999999999999998,0.4999999999999999,0.3491210660790659,0.5,0.446752906167206,0.6508789339209341,0.7381592004407006,0.6508789339209341
3,0,search,9,0,0.95,0.05,8,8,0.85,0.85,0,0.6363961030678927,0.8062257748298549,0.565685424949238,0.028372224529312588,0.0,0.1741163908499157,0.9716277754706875,0.9787208316030156,0.9716277754706875
3,0,search,9,1,0.95,0.15,8,8,0.85,0.85,0,0.5700877125495689,0.7071067811865475,0.49999999999999994,0.037036233690663105,0.0,0.18148079863706362,0.9629637663093369,0.9722228247320027,0.9629637663093369
3,0,search,9,2,0.95,0.25,8,8,0.85,0.85,0,0.51478150704935,0.6082762530298219,0.44721359549995787,0.04766029159544518,0.0,0.19051124785612839,0.9523397084045548,0.9642547813034161,0.9523397084045548
3,0,search,9,3,0.95,0.35,8,8,0.85,0.85,0,0.4743416490252569,0.5099019513592785,0.41231056256176596,0.06063091140988748,0.0,0.20153627469840435,0.9393690885901125,0.9545268164425844,0.9393690885901125
3,0,search,9,4,0.95,0.45,8,8,0.85,0.85,0,0.4527692569068708,0.412310562561766,0.3999999999999999,0.07802938836368226,0.0,0.21632498010912993,0.9219706116363178,0.9414779587272383,0.9219706116363178
3,0,search,9,5,0.95,0.55,8,8,0.85,0.85,0,0.4527692569068708,0.31622776601683783,0.3999999999999999,0.10794324747484943,0.0,0.241751760353622,0.8920567525251506,0.9190425643938629,0.8920567525251506
3,0,search,9,6,0.95,0.65,8,8,0.85,0.85,0,0.4743416490252569,0.2236067977499789,0.41231056256176596,0.16579248468165053,0.0,0.290923611979403,0.8342075153183495,0.8756556364887621,0.8342075153183495
3,0,search,9,7,0.95,0.75,8,8,0.85,0.85,0,0.51478150704935,0.14142135623730948,0.4472135954999578,0.2680820507529161,0.5,0.3778697431399787,0.731917949247084,0.7989384619353129,0.731917949247084
3,0,search,9,8,0.95,0.85,8,8,0.85,0.85,0,0.5700877125495689,0.09999999999999998,0.4999999999999999,0.3491210660790659,0.5,0.446752906167206,0.6508789339209341,0.7381592004407006,0.6508789339209341
3,0,search,9,9,0.95,0.95,8,8,0.85,0.85,0,0.6363961030678927,0.14142135623730948,0.5656854249492379,0.25307915536782116,0.5,0.365117282062648,0.7469208446321789,0.8101906334741341,0.7469208446321789
4,0,search,0,0,0.05,0.05,5,1,0.55,0.15,0,0.6363961030678927,0.5099019513592785,0.5656854249492381,0.039110157596570896,0.0,0.18324363395708526,0.9608898424034291,0.9706673818025718,0.9608898424034291
4,0,search,0,1,0.05,0.15,5,1,0.55,0.15,0,0.570087712549569,0.5,0.5,0.04741173841912469,0.0,0.19029997765625598,0.9525882615808753,0.9644411961856565,0.9525882615808753
4,0,search,0,2,0.05,0.25,5,1,0.55,0.15,0,0.51478150704935,0.5099019513592785,0.447213595499958,0.054113052981665785,0.0,0.1959960950344159,0.9458869470183342,0.9594152102637507,0.9458869470183342
4,0,search,0,3,0.05,0.35,5,1,0.55,0.15,0,0.47434164902525694,0.5385164807134504,0.4123105625617661,0.05820746668420547,0.0,0.19947634668157466,0.9417925333157945,0.956344399986846,0.9417925333157945
4,0,search,0,4,0.05,0.45,5,1,0.55,0.15,0,0.45276925690687087,0.5830951894845301,0.4,0.05876706040638506,0.0,0.1999520013454273,0.941232939593615,0.9559247046952112,0.941232939593615
4,0,search,0,5,0.05,0.55,5,1,0.55,0.15,0,0.45276925690687087,0.6403124237432849,0.4,0.05634478761731717,0.0,0.19789306947471957,0.9436552123826828,0.9577414092870121,0.9436552123826828
4,0,search,0,6,0.05,0.65,5,1,0.55,0.15,0,0.47434164902525694,0.7071067811865476,0.4123105625617661,0.051231840882244466,0.0,0.1935470647499078,0.9487681591177556,0.9615761193383167,0.9487681591177556
4,0,search,0,7,0.05,0.75,5,1,0.55,0.15,0,0.51478150704935,0.7810249675906654,0.4472135954999579,0.043622292769384334,0.0,0.1870789488539767,0.9563777072306157,0.9672832804229617,0.9563777072306157
4,0,search,0,8,0.05,0.85,5,1,0.55,0.15,0,0.570087712549569,0.8602325267042626,0.5,0.03530915447578634,0.0,0.1800127813044184,0.9646908455242137,0.9735181341431602,0.9646908455242137
4,0,search,0,9,0.05,0.95,5,1,0.55,0.15,0,0.6363961030678927,0.9433981132056604,0.565685424949238,0.02763495985963433,0.0,0.17348971588068918,0.9723650401403656,0.9792737801052742,0.9723650401403656
4,0,search,1,0,0.15,0.05,5,1,0.55,0.15,0,0.570087712549569,0.4123105625617661,0.5,0.060448165537092084,0.0,0.20138094070652826,0.9395518344629079,0.9546638758471809,0.9395518344629079
4,0,search,1,1,0.15,0.15,5,1,0.55,0.15,0,0.49497474683058323,0.4,0.42426406871192857,0.07427554865436677,0.0,0.21313421635621174,0.9257244513456332,0.9442933385092249,0.9257244513456332
4,0,search,1,2,0.15,0.25,5,1,0.55,0.15,0,0.4301162633521313,0.4123105625617661,0.36055512754639896,0.0843748384272274,0.0,0.2217186126631433,0.9156251615727726,0.9367188711795794,0.9156251615727726
4,0,search,1,3,0.15,0.35,5,1,0.55,0.15,0,0.3807886552931954,0.4472135954999579,0.316227766016838,0.08991168613496411,0.0,0.2264249332147195,0.9100883138650359,0.9325662353987769,0.9100883138650359
4,0,search,1,4,0.15,0.45,5,1,0.55,0.15,0,0.35355339059327373,0.5,0.30000000000000004,0.0895498552746326,0.0,0.2261173769834377,0.9104501447253674,0.9328376085440255,0.9104501447253674
4,0,search,1,5,0.15,0.55,5,1,0.55,0.15,0,0.35355339059327373,0.5656854249492381,0.30000000000000004,0.08430954279642147,0.0,0.22166311137695824,0.9156904572035786,0.9367678429026839,0.9156904572035786
4,0,search,1,6,0.15,0.65,5,1,0.55,0.15,0,0.3807886552931954,0.6403124237432849,0.31622776601683794,0.07452671082922525,0.0,0.21334770420484145,0.9254732891707748,0.9441049668780811,0.9254732891707748
4,0,search,1,7,0.15,0.75,5,1,0.55,0.15,0,0.4301162633521313,0.7211102550927979,0.36055512754639896,0.06070373714553788,0.0,0.20159817657370718,0.9392962628544621,0.9544721971408466,0.9392962628544621
4,0,search,1,8,0.15,0.85,5,1,0.55,0.15,0,0.49497474683058323,0.806225774829855,0.4242640687119285,0.046848585823547444,0.0,0.18982129795001532,0.9531514141764525,0.9648635606323395,0.9531514141764525
4,0,search,1,9,0.15,0.95,5,1,0.55,0.15,0,0.5700877125495689,0.8944271909999159,0.49999999999999994,0.035137227685602394,0.0,0.17986664353276202,0.9648627723143977,0.9736470792357982,0.9648627723143977
4,0,search,2,0,0.25,0.05,5,1,0.55,0.15,0,0.51478150704935,0.31622776601683794,0.447213595499958,0.09803977341161893,0.0,0.23333380739987608,0.901960226588381,0.9264701699412858,0.901960226588381
4,0,search,2,1,0.25,0.15,5,1,0.55,0.15,0,0.4301162633521313,0.30000000000000004,0.36055512754639896,0.12202003138973481,0.0,0.2537170266812746,0.8779799686102652,0.9084849764576989,0.8779799686102652
4,0,search,2,2,0.25,0.25,5,1,0.55,0.15,0,0.3535533905932738,0.31622776601683794,0.28284271247461906,0.13518862123627523,0.0,0.2649103280508339,0.8648113787637248,0.8986085340727936,0.8648113787637248
4,0,search,2,3,0.25,0.35,5,1,0.55,0.15,0,0.29154759474226505,0.36055512754639896,0.22360679774997902,0.14088431556528203,0.0,0.2697516682304897,0.859115684434718,0.8943367633260385,0.859115684434718
4,0,search,2,4,0.25,0.45,5,1,0.55,0.15,0,0.25495097567963926,0.42426406871192857,0.2,0.1384887209649508,0.0,0.26771541282020817,0.8615112790350492,0.8961334592762868,0.8615112790350492
4,0,search,2,5,0.25,0.55,5,1,0.55,0.15,0,0.25495097567963926,0.5,0.2,0.12781043511590018,0.0,0.25863886984851514,0.8721895648840998,0.9041421736630748,0.8721895648840998
4,0,search,2,6,0.25,0.65,5,1,0.55,0.15,0,0.29154759474226505,0.5830951894845301,0.22360679774997896,0.1083591479804221,0.0,0.24210527578335878,0.8916408520195779,0.9187306390146834,0.8916408520195779
4,0,search,2,7,0.25,0.75,5,1,0.55,0.15,0,0.3535533905932738,0.6708203932499369,0.282842712474619,0.08268649586420905,0.0,0.2202835214845777,0.9173135041357909,0.9379851281018432,0.9173135041357909
4,0,search,2,8,0.25,0.85,5,1,0.55,0.15,0,0.4301162633521313,0.7615773105863908,0.36055512754639885,0.06009910340222195,0.0,0.20108423789188865,0.9399008965977781,0.9549256724483335,0.9399008965977781
4,0,search,2,9,0.25,0.95,5,1,0.55,0.15,0,0.51478150704935,0.854400374531753,0.44721359549995787,0.043021214275471446,0.0,0.1865680321341507,0.9569787857245285,0.9677340892933964,0.9569787857245285
4,0,search,3,0,0.35,0.05,5,1,0.55,0.15,0,0.4743416490252569,0.22360679774997902,0.4123105625617661,0.16579248468165042,0.0,0.29092361197940286,0.8342075153183496,0.8756556364887622,0.8342075153183496
4,0,search,3,1,0.35,0.15,5,1,0.55,0.15,0,0.3807886552931954,0.20000000000000007,0.316227766016838,0.21168149983176765,0.0,0.3299292748570025,0.7883185001682324,0.8412388751261742,0.7883185001682324
4,0,search,3,2,0.35,0.25,5,1,0.55,0.15,0,0.29154759474226505,0.22360679774997905,0.22360679774997902,0.2187701878906962,0.0,0.33595465970709176,0.7812298121093038,0.8359223590819779,0.7812298121093038
4,0,search,3,3,0.35,0.35,5,1,0.55,0.15,0,0.21213203435596428,0.28284271247461906,0.14142135623730956,0.21643144289693023,0.0,0.3339667264623907,0.7835685571030697,0.8376764178273024,0.7835685571030697
4,0,search,3,4,0.35,0.45,5,1,0.55,0.15,0,0.15811388300841897,0.360555127546399,0.10000000000000003,0.21478615086649006,0.0,0.33256822823651655,0.7852138491335099,0.8389103868501324,0.7852138491335099
4,0,search,3,5,0.35,0.55,5,1,0.55,0.15,0,0.158113883008419,0.447213595499958,0.10000000000000003,0.19522368579830113,0.0,0.31594013292855594,0.8047763142016988,0.8535822356512741,0.8047763142016988
4,0,search,3,6,0.35,0.65,5,1,0.55,0.15,0,0.21213203435596428,0.5385164807134505,0.14142135623730953,0.15300716596903635,0.0,0.2800560910736809,0.8469928340309636,0.8852446255232227,0.8469928340309636
4,0,search,3,7,0.35,0.75,5,1,0.55,0.15,0,0.29154759474226505,0.6324555320336759,0.22360679774997894,0.10620757371288604,0.0,0.24027643765595313,0.893792426287114,0.9203443197153355,0.893792426287114
4,0,search,3,8,0.35,0.85,5,1,0.55,0.15,0,0.3807886552931954,0.7280109889280517,0.3162277660168379,0.07242278625544414,0.0,0.21155936831712752,0.9275772137445558,0.9456829103084169,0.9275772137445558
4,0,search,3,9,0.35,0.95,5,1,0.55,0.15,0,0.4743416490252569,0.824621125123532,0.41231056256176596,0.04974154668539657,0.0,0.19228031468258708,0.9502584533146035,0.9626938399859526,0.9502584533146035
4,0,search,4,0,0.45,0.05,5,1,0.55,0.15,0,0.45276925690687087,0.14142135623730953,0.4,0.2779855248161464,0.5,0.38628769609372443,0.7220144751838535,0.7915108563878902,0.7220144751838535
4,0,search,4,1,0.45,0.15,5,1,0.55,0.15,0,0.35355339059327373,0.10000000000000003,0.30000000000000004,0.3912591829345737,0.5,0.4825703054943876,0.6087408170654263,0.7065556127990698,0.6087408170654263
4,0,search,4,2,0.45,0.25,5,1,0.55,0.15,0,0.25495097567963926,0.14142135623730953,0.2,0.3408029986863318,0.5,0.439682548883382,0.6591970013136682,0.7443977509852512,0.6591970013136682
4,0,search,4,3,0.45,0.35,5,1,0.55,0.15,0,0.15811388300841897,0.22360679774997896,0.10000000000000003,0.29267202319190433,0.5,0.3987712197131187,0.7073279768080957,0.7804959826060718,0.7073279768080957
4,0,search,4,4,0.45,0.45,5,1,0.55,0.15,0,0.07071067811865474,0.316227766016838,0.0,0.32709991747395617,0.5,0.42803492985286273,0.6729000825260438,0.7546750618945328,0.6729000825260438
4,0,search,4,5,0.45,0.55,5,1,0.55,0.15,0,0.07071067811865478,0.41231056256176607,0.0,0.29718605836278905,0.5,0.40260814960837066,0.702813941637211,0.7771104562279082,0.702813941637211
4,0,search,4,6,0.45,0.65,5,1,0.55,0.15,0,0.15811388300841897,0.5099019513592785,0.09999999999999998,0.18751044992014135,0.0,0.3093838824321201,0.8124895500798587,0.859367162559894,0.8124895500798587
4,0,search,4,7,0.45,0.75,5,1,0.55,0.15,0,0.25495097567963926,0.6082762530298219,0.19999999999999996,0.12038123952886103,0.0,0.25232405359953186,0.879618760471139,0.9097140703533543,0.879618760471139
4,0,search,4,8,0.45,0.85,5,1,0.55,0.15,0,0.35355339059327373,0.7071067811865475,0.29999999999999993,0.07917435054617104,0.0,0.21729819796424538,0.9208256494538289,0.9406192370903718,0.9208256494538289
4,0,search,4,9,0.45,0.95,5,1,0.55,0.15,0,0.4527692569068708,0.8062257748298549,0.3999999999999999,0.053278593977637935,0.0,0.19528680488099223,0.9467214060223621,0.9600410545167716,0.9467214060223621
4,0,search,5,0,0.55,0.05,5,1,0.55,0.15,0,0.45276925690687087,0.09999999999999999,0.4,0.366702288905656,0.5,0.46169694556980756,0.6332977110943441,0.724973283320758,0.6332977110943441
4,0,search,5,1,0.55,0.15,5,1,0.55,0.15,1,0.35355339059327373,0.0,0.30000000000000004,1.0,1.0,1.0,0.0,0.25,0.0
4,0,search,5,2,0.55,0.25,5,1,0.55,0.15,0,0.25495097567963926,0.1,0.2,0.42951976277584136,0.5,0.5150917983594652,0.5704802372241586,0.677860177918119,0.5704802372241586
4,0,search,5,3,0.55,0.35,5,1,0.55,0.15,0,0.158113883008419,0.19999999999999998,0.10000000000000003,0.3169934994951048,0.5,0.4194444745708391,0.6830065005048952,0.7622548753786714,0.6830065005048952
4,0,search,5,4,0.55,0.45,5,1,0.55,0.15,0,0.07071067811865478,0.30000000000000004,0.0,0.33483125132529645,0.5,0.43460656362650196,0.6651687486747035,0.7488765615060277,0.6651687486747035
4,0,search,5,5,0.55,0.55,5,1,0.55,0.15,0,0.07071067811865482,0.4,0.0,0.2998622268075641,0.5,0.4048828927864294,0.7001377731924359,0.775103329894327,0.7001377731924359
4,0,search,5,6,0.55,0.65,5,1,0.55,0.15,0,0.158113883008419,0.5,0.09999999999999998,0.18848688412095993,0.0,0.31021385150281594,0.8115131158790401,0.85863483690928,0.8115131158790401
4,0,search,5,7,0.55,0.75,5,1,0.55,0.15,0,0.25495097567963926,0.6,0.19999999999999996,0.12075031082810031,0.0,0.2526377642038853,0.8792496891718997,0.9094372668789248,0.8792496891718997
4,0,search,5,8,0.55,0.85,5,1,0.55,0.15,0,0.35355339059327373,0.7,0.29999999999999993,0.07931741265405674,0.0,0.21741980075594824,0.9206825873459432,0.9405119405094574,0.9206825873459432
4,0,search,5,9,0.55,0.95,5,1,0.55,0.15,0,0.4527692569068708,0.7999999999999999,0.3999999999999999,0.05333510411482267,0.0,0.19533483849759925,0.9466648958851773,0.959998671913883,0.9466648958851773
4,0,search,6,0,0.65,0.05,5,1,0.55,0.15,0,0.4743416490252569,0.14142135623730948,0.4123105625617661,0.27459990918113775,0.5,0.3834099228039671,0.7254000908188623,0.7940500681141467,0.7254000908188623
4,0,search,6,1,0.65,0.15,5,1,0.55,0.15,0,0.3807886552931954,0.09999999999999998,0.31622776601683794,0.38488421211756413,0.5,0.47715158029992955,0.6151157878824358,0.7113368409118269,0.6151157878824358
4,0,search,6,2,0.65,0.25,5,1,0.55,0.15,0,0.29154759474226505,0.1414213562373095,0.22360679774997896,0.32757761239018346,0.5,0.428440970531656,0.6724223876098165,0.7543167907073625,0.6724223876098165
4,0,search,6,3,0.65,0.35,5,1,0.55,0.15,0,0.21213203435596428,0.22360679774997894,0.14142135623730953,0.26059218396648137,0.5,0.37150335637150916,0.7394078160335187,0.804555862025139,0.7394078160335187
4,0,search,6,4,0.65,0.45,5,1,0.55,0.15,0,0.15811388300841897,0.31622776601683794,0.09999999999999998,0.23143717035009448,0.0,0.3467215947975803,0.7685628296499055,0.8264221222374292,0.7685628296499055
4,0,search,6,5,0.65,0.55,5,1,0.55,0.15,0,0.158113883008419,0.41231056256176607,0.09999999999999998,0.20152331123892736,0.0,0.3212948145530883,0.7984766887610726,0.8488575165708045,0.7984766887610726
4,0,search,6,6,0.65,0.65,5,1,0.55,0.15,0,0.21213203435596428,0.5099019513592785,0.14142135623730948,0.15543061069471834,0.0,0.28211601909051054,0.8445693893052817,0.8834270419789613,0.8445693893052817
4,0,search,6,7,0.65,0.75,5,1,0.55,0.15,0,0.29154759474226505,0.6082762530298219,0.2236067977499789,0.10715585323271269,0.0,0.2410824752478058,0.8928441467672873,0.9196331100754654,0.8928441467672873
4,0,search,6,8,0.65,0.85,5,1,0.55,0.15,0,0.3807886552931954,0.7071067811865475,0.31622776601683783,0.07279937972916133,0.0,0.21187947276978714,0.9272006202708387,0.945400465203129,0.9272006202708387
4,0,search,6,9,0.65,0.95,5,1,0.55,0.15,0,0.4743416490252569,0.8062257748298549,0.41231056256176596,0.049892978342629166,0.0,0.1924090315912348,0.9501070216573708,0.9625802662430282,0.9501070216573708
4,0,search,7,0,0.75,0.05,5,1,0.55,0.15,0,0.51478150704935,0.2236067977499789,0.4472135954999579,0.15927462625342884,0.0,0.2853834323154145,0.8407253737465712,0.8805440303099283,0.8407253737465712
4,0,search,7,1,0.75,0.15,5,1,0.55,0.15,0,0.4301162633521313,0.19999999999999996,0.36055512754639896,0.1998450266834049,0.0,0.31986827268089413,0.8001549733165951,0.8501162299874463,0.8001549733165951
4,0,search,7,2,0.75,0.25,5,1,0.55,0.15,0,0.3535533905932738,0.22360679774997894,0.282842712474619,0.1964234740780851,0.0,0.31695995296637236,0.8035765259219149,0.8526823944414361,0.8035765259219149
4,0,search,7,3,0.75,0.35,5,1,0.55,0.15,0,0.29154759474226505,0.28284271247461895,0.22360679774997894,0.17460944682114526,0.0,0.2984180297979735,0.8253905531788548,0.869042914884141,0.8253905531788548
4,0,search,7,4,0.75,0.45,5,1,0.55,0.15,0,0.25495097567963926,0.36055512754639896,0.19999999999999996,0.15410970186143036,0.0,0.2809932465822158,0.8458902981385696,0.8844177236039272,0.8458902981385696
4,0,search,7,5,0.75,0.55,5,1,0.55,0.15,0,0.25495097567963926,0.4472135954999579,0.19999999999999996,0.13454723679324146,0.0,0.26436515127425525,0.8654527632067586,0.8990895724050689,0.8654527632067586
4,0,search,7,6,0.75,0.65,5,1,0.55,0.15,0,0.29154759474226505,0.5385164807134504,0.2236067977499789,0.1111851698932513,0.0,0.2445073944092636,0.8888148301067487,0.9166111225800615,0.8888148301067487
4,0,search,7,7,0.75,0.75,5,1,0.55,0.15,0,0.3535533905932738,0.6324555320336759,0.28284271247461895,0.08386085990027482,0.0,0.2212817309152336,0.9161391400997252,0.9371043550747938,0.9161391400997252
4,0,search,7,8,0.75,0.85,5,1,0.55,0.15,0,0.4301162633521313,0.7280109889280517,0.36055512754639885,0.06058631310708127,0.0,0.20149836614101907,0.9394136868929187,0.9545602651696891,0.9394136868929187
4,0,search,7,9,0.75,0.95,5,1,0.55,0.15,0,0.51478150704935,0.824621125123532,0.4472135954999578,0.04322368825717488,0.0,0.18674013501859865,0.9567763117428251,0.9675822338071188,0.9567763117428251
4,0,search,8,0,0.85,0.05,5,1,0.55,0.15,0,0.570087712549569,0.31622776601683783,0.5,0.09036202464825929,0.0,0.2268077209510204,0.9096379753517407,0.9322284815138056,0.9096379753517407
4,0,search,8,1,0.85,0.15,5,1,0.55,0.15,0,0.49497474683058323,0.29999999999999993,0.4242640687119285,0.10924457317209921,0.0,0.24285788719628432,0.8907554268279008,0.9180665701209256,0.8907554268279008
4,0,search,8,2,0.85,0.25,5,1,0.55,0.15,0,0.4301162633521313,0.31622776601683783,0.36055512754639885,0.11428869753839463,0.0,0.24714539290763543,0.8857113024616053,0.914283476846204,0.8857113024616053
4,0,search,8,3,0.85,0.35,5,1,0.55,0.15,0,0.3807886552931954,0.36055512754639885,0.3162277660168379,0.1094741512031531,0.0,0.24305302852268013,0.8905258487968469,0.9178943865976352,0.8905258487968469
4,0,search,8,4,0.85,0.45,5,1,0.55,0.15,0,0.35355339059327373,0.4242640687119285,0.29999999999999993,0.10022814112368322,0.0,0.23519391995513073,0.8997718588763168,0.9248288941572376,0.8997718588763168
4,0,search,8,5,0.85,0.55,5,1,0.55,0.15,0,0.35355339059327373,0.49999999999999994,0.29999999999999993,0.08954985527463263,0.0,0.22611737698343773,0.9104501447253673,0.9328376085440255,0.9104501447253673
4,0,search,8,6,0.85,0.65,5,1,0.55,0.15,0,0.3807886552931954,0.58309518948453,0.31622776601683783,0.07694898361829315,0.0,0.21540663607554916,0.9230510163817068,0.9422882622862802,0.9230510163817068
4,0,search,8,7,0.85,0.75,5,1,0.55,0.15,0,0.4301162633521313,0.6708203932499369,0.36055512754639885,0.061786572166328414,0.0,0.20251858634137915,0.9382134278336716,0.9536600708752537,0.9382134278336716
4,0,search,8,8,0.85,0.85,5,1,0.55,0.15,0,0.49497474683058323,0.7615773105863908,0.4242640687119284,0.04732364518458628,0.0,0.19022509840689833,0.9526763548154137,0.9645072661115603,0.9526763548154137
4,0,search,8,9,0.85,0.95,5,1,0.55,0.15,0,0.5700877125495689,0.854400374531753,0.4999999999999999,0.03534346551211176,0.0,0.180041945685295,0.9646565344878882,0.9734924008659162,0.9646565344878882
4,0,search,9,0,0.95,0.05,5,1,0.55,0.15,0,0.6363961030678927,0.41231056256176596,0.565685424949238,0.05312301891535692,0.0,0.19515456607805337,0.9468769810846431,0.9601577358134823,0.9468769810846431
4,0,search,9,1,0.95,0.15,5,1,0.55,0.15,0,0.5700877125495689,0.3999999999999999,0.49999999999999994,0.06312433398186713,0.0,0.20365568388458705,0.9368756660181329,0.9526567495135997,0.9368756660181329
4,0,search,9,2,0.95,0.25,5,1,0.55,0.15,0,0.51478150704935,0.41231056256176596,0.44721359549995787,0.06812591430045181,0.0,0.20790702715538403,0.9318740856995482,0.9489055642746611,0.9318740856995482
4,0,search,9,3,0.95,0.35,5,1,0.55,0.15,0,0.4743416490252569,0.4472135954999578,0.41231056256176596,0.06834414728804733,0.0,0.20809252519484023,0.9316558527119527,0.9487418895339645,0.9316558527119527
4,0,search,9,4,0.95,0.45,5,1,0.55,0.15,0,0.4527692569068708,0.49999999999999994,0.3999999999999999,0.06499296124571485,0.0,0.20524401705885761,0.9350070387542851,0.9512552790657138,0.9350070387542851
4,0,search,9,5,0.95,0.55,5,1,0.55,0.15,0,0.4527692569068708,0.565685424949238,0.3999999999999999,0.059752648767503705,0.0,0.20078975145237815,0.9402473512324963,0.9551855134243722,0.9402473512324963
4,0,search,9,6,0.95,0.65,5,1,0.55,0.15,0,0.4743416490252569,0.6403124237432848,0.41231056256176596,0.05295917198230843,0.0,0.19501529618496216,0.9470408280176916,0.9602806210132687,0.9470408280176916
4,0,search,9,7,0.95,0.75,5,1,0.55,0.15,0,0.51478150704935,0.7211102550927978,0.4472135954999578,0.04445481301876225,0.0,0.18778659106594792,0.9555451869812377,0.9666588902359283,0.9555451869812377
4,0,search,9,8,0.95,0.85,5,1,0.55,0.15,0,0.5700877125495689,0.8062257748298549,0.4999999999999999,0.03569737115104779,0.0,0.18034276547839062,0.9643026288489522,0.9732269716367141,0.9643026288489522
4,0,search,9,9,0.95,0.95,5,1,0.55,0.15,0,0.6363961030678927,0.8944271909999157,0.5656854249492379,0.027812081063867202,0.0,0.1736402689042871,0.9721879189361328,0.9791409392020995,0.9721879189361328
5,0,search,0,0,0.05,0.05,5,8,0.55,0.85,0,0.6363961030678927,0.9433981132056604,0.5656854249492381,0.02763495985963433,0.0,0.17348971588068918,0.9723650401403656,0.9792737801052742,0.9723650401403656
5,0,search,0,1,0.05,0.15,5,8,0.55,0.85,0,0.570087712549569,0.8602325267042626,0.5,0.03530915447578634,0.0,0.1800127813044184,0.9646908455242137,0.9735181341431602,0.9646908455242137
5,0,search,0,2,0.05,0.25,5,8,0.55,0.85,0,0.51478150704935,0.7810249675906654,0.447213595499958,0.043622292769384334,0.0,0.1870789488539767,0.9563777072306157,0.9672832804229617,0.9563777072306157
5,0,search,0,3,0.05,0.35,5,8,0.55,0.85,0,0.47434164902525694,0.7071067811865476,0.4123105625617661,0.051231840882244466,0.0,0.1935470647499078,0.9487681591177556,0.9615761193383167,0.9487681591177556
5,0,search,0,4,0.05,0.45,5,8,0.55,0.85,0,0.45276925690687087,0.6403124237432849,0.4,0.05634478761731717,0.0,0.19789306947471957,0.9436552123826828,0.9577414092870121,0.9436552123826828
5,0,search,0,5,0.05,0.55,5,8,0.55,0.85,0,0.45276925690687087,0.58309518948453,0.4,0.05876706040638506,0.0,0.1999520013454273,0.941232939593615,0.9559247046952112,0.941232939593615
5,0,search,0,6,0.05,0.65,5,8,0.55,0.85,0,0.47434164902525694,0.5385164807134504,0.4123105625617661,0.05820746668420547,0.0,0.19947634668157466,0.9417925333157945,0.956344399986846,0.9417925333157945
5,0,search,0,7,0.05,0.75,5,8,0.55,0.85,0,0.51478150704935,0.5099019513592785,0.4472135954999579,0.054113052981665785,0.0,0.1959960950344159,0.9458869470183342,0.9594152102637507,0.9458869470183342
5,0,search,0,8,0.05,0.85,5,8,0.55,0.85,0,0.570087712549569,0.5,0.5,0.04741173841912469,0.0,0.19029997765625598,0.9525882615808753,0.9644411961856565,0.9525882615808753
5,0,search,0,9,0.05,0.95,5,8,0.55,0.85,0,0.6363961030678927,0.5099019513592785,0.565685424949238,0.039110157596570896,0.0,0.18324363395708526,0.9608898424034291,0.9706673818025718,0.9608898424034291
5,0,search,1,0,0.15,0.05,5,8,0.55,0.85,0,0.570087712549569,0.8944271909999159,0.5,0.035137227685602394,0.0,0.17986664353276202,0.9648627723143977,0.9736470792357982,0.9648627723143977
5,0,search,1,1,0.15,0.15,5,8,0.55,0.85,0,0.49497474683058323,0.806225774829855,0.42426406871192857,0.04684858582354744,0.0,0.18982129795001532,0.9531514141764525,0.9648635606323395,0.9531514141764525
5,0,search,1,2,0.15,0.25,5,8,0.55,0.85,0,0.4301162633521313,0.7211102550927979,0.36055512754639896,0.06070373714553788,0.0,0.20159817657370718,0.9392962628544621,0.9544721971408466,0.9392962628544621
5,0,search,1,3,0.15,0.35,5,8,0.55,0.85,0,0.3807886552931954,0.6403124237432849,0.316227766016838,0.07452671082922523,0.0,0.21334770420484145,0.9254732891707748,0.9441049668780811,0.9254732891707748
5,0,search,1,4,0.15,0.45,5,8,0.55,0.85,0,0.35355339059327373,0.565685424949238,0.30000000000000004,0.08430954279642147,0.0,0.22166311137695824,0.9156904572035786,0.9367678429026839,0.9156904572035786
5,0,search,1,5,0.15,0.55,5,8,0.55,0.85,0,0.35355339059327373,0.5,0.30000000000000004,0.0895498552746326,0.0,0.2261173769834377,0.9104501447253674,0.9328376085440255,0.9104501447253674
5,0,search,1,6,0.15,0.65,5,8,0.55,0.85,0,0.3807886552931954,0.4472135954999579,0.31622776601683794,0.08991168613496414,0.0,0.22642493321471951,0.9100883138650359,0.9325662353987769,0.9100883138650359
5,0,search,1,7,0.15,0.75,5,8,0.55,0.85,0,0.4301162633521313,0.4123105625617661,0.36055512754639896,0.0843748384272274,0.0,0.2217186126631433,0.9156251615727726,0.9367188711795794,0.9156251615727726
5,0,search,1,8,0.15,0.85,5,8,0.55,0.85,0,0.49497474683058323,0.4,0.4242640687119285,0.07427554865436677,0.0,0.21313421635621174,0.9257244513456332,0.9442933385092249,0.9257244513456332
5,0,search,1,9,0.15,0.95,5,8,0.55,0.85,0,0.5700877125495689,0.4123105625617661,0.49999999999999994,0.060448165537092084,0.0,0.20138094070652826,0.9395518344629079,0.9546638758471809,0.9395518344629079
5,0,search,2,0,0.25,0.05,5,8,0.55,0.85,0,0.51478150704935,0.854400374531753,0.447213595499958,0.04302121427547144,0.0,0.1865680321341507,0.9569787857245285,0.9677340892933964,0.9569787857245285
5,0,search,2,1,0.25,0.15,5,8,0.55,0.85,0,0.4301162633521313,0.7615773105863908,0.36055512754639896,0.06009910340222194,0.0,0.20108423789188865,0.9399008965977781,0.9549256724483336,0.9399008965977781
5,0,search,2,2,0.25,0.25,5,8,0.55,0.85,0,0.3535533905932738,0.6708203932499369,0.28284271247461906,0.08268649586420905,0.0,0.2202835214845777,0.9173135041357909,0.9379851281018432,0.9173135041357909
5,0,search,2,3,0.25,0.35,5,8,0.55,0.85,0,0.29154759474226505,0.5830951894845301,0.22360679774997902,0.1083591479804221,0.0,0.24210527578335878,0.8916408520195779,0.9187306390146834,0.8916408520195779
5,0,search,2,4,0.25,0.45,5,8,0.55,0.85,0,0.25495097567963926,0.5,0.2,0.12781043511590018,0.0,0.25863886984851514,0.8721895648840998,0.9041421736630748,0.8721895648840998
5,0,search,2,5,0.25,0.55,5,8,0.55,0.85,0,0.25495097567963926,0.4242640687119285,0.2,0.1384887209649508,0.0,0.26771541282020817,0.8615112790350492,0.8961334592762868,0.8615112790350492
5,0,search,2,6,0.25,0.65,5,8,0.55,0.85,0,0.29154759474226505,0.36055512754639896,0.22360679774997896,0.14088431556528203,0.0,0.2697516682304897,0.859115684434718,0.8943367633260385,0.859115684434718
5,0,search,2,7,0.25,0.75,5,8,0.55,0.85,0,0.3535533905932738,0.31622776601683794,0.282842712474619,0.13518862123627523,0.0,0.2649103280508339,0.8648113787637248,0.8986085340727936,0.8648113787637248
5,0,search,2,8,0.25,0.85,5,8,0.55,0.85,0,0.4301162633521313,0.30000000000000004,0.36055512754639885,0.12202003138973483,0.0,0.2537170266812746,0.8779799686102652,0.9084849764576989,0.8779799686102652
5,0,search,2,9,0.25,0.95,5,8,0.55,0.85,0,0.51478150704935,0.31622776601683794,0.44721359549995787,0.09803977341161893,0.0,0.23333380739987608,0.901960226588381,0.9264701699412858,0.901960226588381
5,0,search,3,0,0.35,0.05,5,8,0.55,0.85,0,0.4743416490252569,0.824621125123532,0.4123105625617661,0.04974154668539656,0.0,0.19228031468258705,0.9502584533146035,0.9626938399859526,0.9502584533146035
5,0,search,3,1,0.35,0.15,5,8,0.55,0.85,0,0.3807886552931954,0.7280109889280517,0.316227766016838,0.07242278625544411,0.0,0.2115593683171275,0.9275772137445559,0.9456829103084169,0.9275772137445559
5,0,search,3,2,0.35,0.25,5,8,0.55,0.85,0,0.29154759474226505,0.6324555320336759,0.22360679774997902,0.10620757371288601,0.0,0.2402764376559531,0.893792426287114,0.9203443197153355,0.893792426287114
5,0,search,3,3,0.35,0.35,5,8,0.55,0.85,0,0.21213203435596428,0.5385164807134505,0.14142135623730956,0.15300716596903635,0.0,0.2800560910736809,0.8469928340309636,0.8852446255232227,0.8469928340309636
5,0,search,3,4,0.35,0.45,5,8,0.55,0.85,0,0.15811388300841897,0.4472135954999579,0.10000000000000003,0.19522368579830116,0.0,0.31594013292855594,0.8047763142016988,0.8535822356512741,0.8047763142016988
5,0,search,3,5,0.35,0.55,5,8,0.55,0.85,0,0.158113883008419,0.3605551275463989,0.10000000000000003,0.21478615086649006,0.0,0.33256822823651655,0.7852138491335099,0.8389103868501324,0.7852138491335099
5,0,search,3,6,0.35,0.65,5,8,0.55,0.85,0,0.21213203435596428,0.28284271247461906,0.14142135623730953,0.21643144289693023,0.0,0.3339667264623907,0.7835685571030697,0.8376764178273024,0.7835685571030697
5,0,search,3,7,0.35,0.75,5,8,0.55,0.85,0,0.29154759474226505,0.22360679774997902,0.22360679774997894,0.21877018789069624,0.0,0.3359546597070918,0.7812298121093038,0.8359223590819778,0.7812298121093038
5,0,search,3,8,0.35,0.85,5,8,0.55,0.85,0,0.3807886552931954,0.20000000000000007,0.3162277660168379,0.21168149983176768,0.0,0.3299292748570025,0.7883185001682324,0.8412388751261742,0.7883185001682324
5,0,search,3,9,0.35,0.95,5,8,0.55,0.85,0,0.4743416490252569,0.22360679774997902,0.41231056256176596,0.16579248468165042,0.0,0.29092361197940286,0.8342075153183496,0.8756556364887622,0.8342075153183496
5,0,search,4,0,0.45,0.05,5,8,0.55,0.85,0,0.45276925690687087,0.8062257748298549,0.4,0.053278593977637914,0.0,0.1952868048809922,0.9467214060223621,0.9600410545167716,0.9467214060223621
5,0,search,4,1,0.45,0.15,5,8,0.55,0.85,0,0.35355339059327373,0.7071067811865475,0.30000000000000004,0.07917435054617103,0.0,0.21729819796424538,0.9208256494538289,0.9406192370903718,0.9208256494538289
5,0,search,4,2,0.45,0.25,5,8,0.55,0.85,0,0.25495097567963926,0.6082762530298219,0.2,0.120381239528861,0.0,0.2523240535995318,0.879618760471139,0.9097140703533543,0.879618760471139
5,0,search,4,3,0.45,0.35,5,8,0.55,0.85,0,0.15811388300841897,0.5099019513592785,0.10000000000000003,0.18751044992014132,0.0,0.3093838824321201,0.8124895500798587,0.859367162559894,0.8124895500798587
5,0,search,4,4,0.45,0.45,5,8,0.55,0.85,0,0.07071067811865474,0.412310562561766,0.0,0.29718605836278905,0.5,0.40260814960837066,0.702813941637211,0.7771104562279082,0.702813941637211
5,0,search,4,5,0.45,0.55,5,8,0.55,0.85,0,0.07071067811865478,0.3162277660168379,0.0,0.3270999174739562,0.5,0.42803492985286273,0.6729000825260438,0.7546750618945328,0.6729000825260438
5,0,search,4,6,0.45,0.65,5,8,0.55,0.85,0,0.15811388300841897,0.22360679774997894,0.09999999999999998,0.2926720231919044,0.5,0.3987712197131187,0.7073279768080956,0.7804959826060718,0.7073279768080956
5,0,search,4,7,0.45,0.75,5,8,0.55,0.85,0,0.25495097567963926,0.14142135623730953,0.19999999999999996,0.3408029986863318,0.5,0.439682548883382,0.6591970013136682,0.7443977509852512,0.6591970013136682
5,0,search,4,8,0.45,0.85,5,8,0.55,0.85,0,0.35355339059327373,0.10000000000000003,0.29999999999999993,0.3912591829345737,0.5,0.4825703054943876,0.6087408170654263,0.7065556127990698,0.6087408170654263
5,0,search,4,9,0.45,0.95,5,8,0.55,0.85,0,0.4527692569068708,0.14142135623730953,0.3999999999999999,0.2779855248161464,0.5,0.38628769609372443,0.7220144751838535,0.7915108563878902,0.7220144751838535
5,0,search,5,0,0.55,0.05,5,8,0.55,0.85,0,0.45276925690687087,0.7999999999999999,0.4,0.05333510411482265,0.0,0.19533483849759925,0.9466648958851773,0.959998671913883,0.9466648958851773
5,0,search,5,1,0.55,0.15,5,8,0.55,0.85,0,0.35355339059327373,0.7,0.30000000000000004,0.07931741265405673,0.0,0.21741980075594822,0.9206825873459432,0.9405119405094574,0.9206825873459432
5,0,search,5,2,0.55,0.25,5,8,0.55,0.85,0,0.25495097567963926,0.6,0.2,0.12075031082810028,0.0,0.25263776420388523,0.8792496891718997,0.9094372668789248,0.8792496891718997
5,0,search,5,3,0.55,0.35,5,8,0.55,0.85,0,0.158113883008419,0.5,0.10000000000000003,0.18848688412095987,0.0,0.3102138515028159,0.8115131158790401,0.8586348369092801,0.8115131158790401
5,0,search,5,4,0.55,0.45,5,8,0.55,0.85,0,0.07071067811865478,0.39999999999999997,0.0,0.2998622268075641,0.5,0.4048828927864294,0.7001377731924359,0.775103329894327,0.7001377731924359
5,0,search,5,5,0.55,0.55,5,8,0.55,0.85,0,0.07071067811865482,0.29999999999999993,0.0,0.3348312513252965,0.5,0.4346065636265021,0.6651687486747035,0.7488765615060275,0.6651687486747035
5,0,search,5,6,0.55,0.65,5,8,0.55,0.85,0,0.158113883008419,0.19999999999999996,0.09999999999999998,0.3169934994951048,0.5,0.4194444745708391,0.6830065005048952,0.7622548753786714,0.6830065005048952
5,0,search,5,7,0.55,0.75,5,8,0.55,0.85,0,0.25495097567963926,0.09999999999999998,0.19999999999999996,0.4295197627758415,0.5,0.5150917983594653,0.5704802372241585,0.6778601779181189,0.5704802372241585
5,0,search,5,8,0.55,0.85,5,8,0.55,0.85,1,0.35355339059327373,0.0,0.29999999999999993,1.0,1.0,1.0,0.0,0.25,0.0
5,0,search,5,9,0.55,0.95,5,8,0.55,0.85,0,0.4527692569068708,0.09999999999999998,0.3999999999999999,0.36670228890565604,0.5,0.46169694556980767,0.633297711094344,0.7249732833207579,0.633297711094344
5,0,search,6,0,0.65,0.05,5,8,0.55,0.85,0,0.4743416490252569,0.8062257748298549,0.4123105625617661,0.04989297834262915,0.0,0.19240903159123476,0.9501070216573708,0.9625802662430282,0.9501070216573708
5,0,search,6,1,0.65,0.15,5,8,0.55,0.85,0,0.3807886552931954,0.7071067811865475,0.31622776601683794,0.07279937972916133,0.0,0.21187947276978714,0.9272006202708387,0.945400465203129,0.9272006202708387
5,0,search,6,2,0.65,0.25,5,8,0.55,0.85,0,0.29154759474226505,0.6082762530298219,0.22360679774997896,0.10715585323271266,0.0,0.24108247524780574,0.8928441467672873,0.9196331100754656,0.8928441467672873
5,0,search,6,3,0.65,0.35,5,8,0.55,0.85,0,0.21213203435596428,0.5099019513592785,0.14142135623730953,0.15543061069471834,0.0,0.28211601909051054,0.8445693893052817,0.8834270419789613,0.8445693893052817
5,0,search,6,4,0.65,0.45,5,8,0.55,0.85,0,0.15811388300841897,0.412310562561766,0.09999999999999998,0.20152331123892736,0.0,0.3212948145530883,0.7984766887610726,0.8488575165708045,0.7984766887610726
5,0,search,6,5,0.65,0.55,5,8,0.55,0.85,0,0.158113883008419,0.31622776601683783,0.09999999999999998,0.23143717035009453,0.0,0.34672159479758036,0.7685628296499054,0.8264221222374291,0.7685628296499054
5,0,search,6,6,0.65,0.65,5,8,0.55,0.85,0,0.21213203435596428,0.2236067977499789,0.14142135623730948,0.26059218396648137,0.5,0.37150335637150916,0.7394078160335187,0.804555862025139,0.7394078160335187
5,0,search,6,7,0.65,0.75,5,8,0.55,0.85,0,0.29154759474226505,0.14142135623730948,0.2236067977499789,0.32757761239018357,0.5,0.428440970531656,0.6724223876098164,0.7543167907073624,0.6724223876098164
5,0,search,6,8,0.65,0.85,5,8,0.55,0.85,0,0.3807886552931954,0.09999999999999998,0.31622776601683783,0.38488421211756413,0.5,0.47715158029992955,0.6151157878824358,0.7113368409118269,0.6151157878824358
5,0,search,6,9,0.65,0.95,5,8,0.55,0.85,0,0.4743416490252569,0.14142135623730948,0.41231056256176596,0.27459990918113775,0.5,0.3834099228039671,0.7254000908188623,0.7940500681141467,0.7254000908188623
5,0,search,7,0,0.75,0.05,5,8,0.55,0.85,0,0.51478150704935,0.824621125123532,0.4472135954999579,0.043223688257174875,0.0,0.18674013501859865,0.9567763117428252,0.9675822338071188,0.9567763117428252
5,0,search,7,1,0.75,0.15,5,8,0.55,0.85,0,0.4301162633521313,0.7280109889280517,0.36055512754639896,0.060586313107081256,0.0,0.20149836614101907,0.9394136868929187,0.9545602651696891,0.9394136868929187
5,0,search,7,2,0.75,0.25,5,8,0.55,0.85,0,0.3535533905932738,0.6324555320336759,0.282842712474619,0.08386085990027482,0.0,0.2212817309152336,0.9161391400997252,0.9371043550747938,0.9161391400997252
5,0,search,7,3,0.75,0.35,5,8,0.55,0.85,0,0.29154759474226505,0.5385164807134504,0.22360679774997894,0.1111851698932513,0.0,0.2445073944092636,0.8888148301067487,0.9166111225800615,0.8888148301067487
5,0,search,7,4,0.75,0.45,5,8,0.55,0.85,0,0.25495097567963926,0.44721359549995787,0.19999999999999996,0.13454723679324146,0.0,0.26436515127425525,0.8654527632067586,0.8990895724050689,0.8654527632067586
5,0,search,7,5,0.75,0.55,5,8,0.55,0.85,0,0.25495097567963926,0.36055512754639885,0.19999999999999996,0.15410970186143041,0.0,0.2809932465822158,0.8458902981385696,0.8844177236039272,0.8458902981385696
5,0,search,7,6,0.75,0.65,5,8,0.55,0.85,0,0.29154759474226505,0.28284271247461895,0.2236067977499789,0.17460944682114526,0.0,0.2984180297979735,0.8253905531788548,0.869042914884141,0.8253905531788548
5,0,search,7,7,0.75,0.75,5,8,0.55,0.85,0,0.3535533905932738,0.2236067977499789,0.28284271247461895,0.19642347407808514,0.0,0.31695995296637236,0.8035765259219149,0.8526823944414361,0.8035765259219149
5,0,search,7,8,0.75,0.85,5,8,0.55,0.85,0,0.4301162633521313,0.19999999999999996,0.36055512754639885,0.19984502668340492,0.0,0.3198682726808942,0.8001549733165951,0.8501162299874463,0.8001549733165951
5,0,search,7,9,0.75,0.95,5,8,0.55,0.85,0,0.51478150704935,0.2236067977499789,0.4472135954999578,0.15927462625342884,0.0,0.2853834323154145,0.8407253737465712,0.8805440303099283,0.8407253737465712
5,0,search,8,0,0.85,0.05,5,8,0.55,0.85,0,0.570087712549569,0.854400374531753,0.5,0.03534346551211175,0.0,0.18004194568529497,0.9646565344878882,0.9734924008659162,0.9646565344878882
5,0,search,8,1,0.85,0.15,5,8,0.55,0.85,0,0.49497474683058323,0.7615773105863908,0.4242640687119285,0.047323645184586274,0.0,0.19022509840689833,0.9526763548154137,0.9645072661115603,0.9526763548154137
5,0,search,8,2,0.85,0.25,5,8,0.55,0.85,0,0.4301162633521313,0.6708203932499369,0.36055512754639885,0.061786572166328414,0.0,0.20251858634137915,0.9382134278336716,0.9536600708752537,0.9382134278336716
5,0,search,8,3,0.85,0.35,5,8,0.55,0.85,0,0.3807886552931954,0.58309518948453,0.3162277660168379,0.07694898361829315,0.0,0.21540663607554916,0.9230510163817068,0.9422882622862802,0.9230510163817068
5,0,search,8,4,0.85,0.45,5,8,0.55,0.85,0,0.35355339059327373,0.4999999999999999,0.29999999999999993,0.08954985527463263,0.0,0.22611737698343773,0.9104501447253673,0.9328376085440255,0.9104501447253673
5,0,search,8,5,0.85,0.55,5,8,0.55,0.85,0,0.35355339059327373,0.4242640687119284,0.29999999999999993,0.10022814112368324,0.0,0.23519391995513073,0.8997718588763167,0.9248288941572376,0.8997718588763167
5,0,search,8,6,0.85,0.65,5,8,0.55,0.85,0,0.3807886552931954,0.36055512754639885,0.31622776601683783,0.1094741512031531,0.0,0.24305302852268013,0.8905258487968469,0.9178943865976352,0.8905258487968469
5,0,search,8,7,0.85,0.75,5,8,0.55,0.85,0,0.4301162633521313,0.31622776601683783,0.36055512754639885,0.11428869753839463,0.0,0.24714539290763543,0.8857113024616053,0.914283476846204,0.8857113024616053
5,0,search,8,8,0.85,0.85,5,8,0.55,0.85,0,0.49497474683058323,0.29999999999999993,0.4242640687119284,0.10924457317209921,0.0,0.24285788719628432,0.8907554268279008,0.9180665701209256,0.8907554268279008
5,0,search,8,9,0.85,0.95,5,8,0.55,0.85,0,0.5700877125495689,0.31622776601683783,0.4999999999999999,0.09036202464825929,0.0,0.2268077209510204,0.9096379753517407,0.9322284815138056,0.9096379753517407
5,0,search,9,0,0.95,0.05,5,8,0.55,0.85,0,0.6363961030678927,0.8944271909999157,0.565685424949238,0.0278120810638672,0.0,0.1736402689042871,0.9721879189361328,0.9791409392020995,0.9721879189361328
5,0,search,9,1,0.95,0.15,5,8,0.55,0.85,0,0.5700877125495689,0.8062257748298549,0.49999999999999994,0.035697371151047784,0.0,0.18034276547839062,0.9643026288489522,0.9732269716367141,0.9643026288489522
5,0,search,9,2,0.95,0.25,5,8,0.55,0.85,0,0.51478150704935,0.7211102550927978,0.44721359549995787,0.04445481301876225,0.0,0.18778659106594792,0.9555451869812377,0.9666588902359283,0.9555451869812377
5,0,search,9,3,0.95,0.35,5,8,0.55,0.85,0,0.4743416490252569,0.6403124237432848,0.41231056256176596,0.05295917198230843,0.0,0.19501529618496216,0.9470408280176916,0.9602806210132687,0.9470408280176916
5,0,search,9,4,0.95,0.45,5,8,0.55,0.85,0,0.4527692569068708,0.5656854249492379,0.3999999999999999,0.05975264876750371,0.0,0.20078975145237815,0.9402473512324963,0.9551855134243722,0.9402473512324963
5,0,search,9,5,0.95,0.55,5,8,0.55,0.85,0,0.4527692569068708,0.4999999999999999,0.3999999999999999,0.06499296124571485,0.0,0.20524401705885761,0.9350070387542851,0.9512552790657138,0.9350070387542851
5,0,search,9,6,0.95,0.65,5,8,0.55,0.85,0,0.4743416490252569,0.4472135954999578,0.41231056256176596,0.06834414728804733,0.0,0.20809252519484023,0.9316558527119527,0.9487418895339645,0.9316558527119527
5,0,search,9,7,0.95,0.75,5,8,0.55,0.85,0,0.51478150704935,0.41231056256176596,0.4472135954999578,0.06812591430045181,0.0,0.20790702715538403,0.9318740856995482,0.9489055642746611,0.9318740856995482
5,0,search,9,8,0.95,0.85,5,8,0.55,0.85,0,0.5700877125495689,0.3999999999999999,0.4999999999999999,0.06312433398186715,0.0,0.20365568388458707,0.9368756660181329,0.9526567495135997,0.9368756660181329
5,0,search,9,9,0.95,0.95,5,8,0.55,0.85,0,0.6363961030678927,0.41231056256176596,0.5656854249492379,0.05312301891535692,0.0,0.19515456607805337,0.9468769810846431,0.9601577358134823,0.9468769810846431
6,1,ferry,0,0,0.05,0.05,4,4,0.45,0.45,0,0.6363961030678927,0.5656854249492381,0.5656854249492381,0.045172266373272554,0.0,0.18839642641728166,0.9548277336267275,0.9661208002200455,0.9548277336267275
6,1,ferry,0,1,0.05,0.15,4,4,0.45,0.45,0,0.570087712549569,0.5,0.5,0.05894128073626925,0.0,0.20010008862582884,0.9410587192637307,0.9557940394477981,0.9410587192637307
6,1,ferry,0,2,0.05,0.25,4,4,0.45,0.45,0,0.51478150704935,0.447213595499958,0.447213595499958,0.07431766558329643,0.0,0.21317001574580197,0.9256823344167036,0.9442617508125277,0.9256823344167036
6,1,ferry,0,3,0.05,0.35,4,4,0.45,0.45,0,0.47434164902525694,0.4123105625617661,0.4123105625617661,0.08795031703825837,0.0,0.2247577694825196,0.9120496829617416,0.9340372622213062,0.9120496829617416
6,1,ferry,0,4,0.05,0.45,4,4,0.45,0.45,0,0.45276925690687087,0.4,0.4,0.09484552136742302,0.0,0.23061869316230957,0.9051544786325769,0.9288658589744327,0.9051544786325769
6,1,ferry,0,5,0.05,0.55,4,4,0.45,0.45,0,0.45276925690687087,0.4123105625617661,0.4,0.0919781980337355,0.0,0.22818146832867517,0.9080218019662645,0.9310163514746984,0.9080218019662645
6,1,ferry,0,6,0.05,0.65,4,4,0.45,0.45,0,0.47434164902525694,0.447213595499958,0.4123105625617661,0.08120071835187319,0.0,0.2190206105990922,0.9187992816481269,0.9390994612360951,0.9187992816481269
6,1,ferry,0,7,0.05,0.75,4,4,0.45,0.45,0,0.51478150704935,0.5,0.4472135954999579,0.06709966378614511,0.0,0.20703471421822334,0.9329003362138549,0.9496752521603912,0.9329003362138549
6,1,ferry,0,8,0.05,0.85,4,4,0.45,0.45,0,0.570087712549569,0.565685424949238,0.5,0.053326660223900174,0.0,0.19532766119031514,0.9466733397760998,0.9600050048320748,0.9466733397760998
6,1,ferry,0,9,0.05,0.95,4,4,0.45,0.45,0,0.6363961030678927,0.6403124237432849,0.565685424949238,0.0415209865695013,0.0,0.1852928385840761,0.9584790134304987,0.968859260072874,0.9584790134304987
6,1,ferry,1,0,0.15,0.05,4,4,0.45,0.45,0,0.570087712549569,0.5,0.5,0.05894128073626925,0.0,0.20010008862582884,0.9410587192637307,0.9557940394477981,0.9410587192637307
6,1,ferry,1,1,0.15,0.15,4,4,0.45,0.45,0,0.49497474683058323,0.42426406871192857,0.42426406871192857,0.08180762497721429,0.0,0.21953648123063213,0.9181923750227857,0.9386442812670893,0.9181923750227857
6,1,ferry,1,2,0.15,0.25,4,4,0.45,0.45,0,0.4301162633521313,0.36055512754639896,0.36055512754639896,0.11070821199528633,0.0,0.24410198019599338,0.8892917880047136,0.9169688410035353,0.8892917880047136
6,1,ferry,1,3,0.15,0.35,4,4,0.45,0.45,0,0.3807886552931954,0.316227766016838,0.316227766016838,0.13952070182300336,0.0,0.26859259654955286,0.8604792981769966,0.8953594736327475,0.8604792981769966
6,1,ferry,1,4,0.15,0.45,4,4,0.45,0.45,0,0.35355339059327373,0.30000000000000004,0.30000000000000004,0.1545952563325272,0.0,0.2814059678826481,0.8454047436674728,0.8840535577506046,0.8454047436674728
6,1,ferry,1,5,0.15,0.55,4,4,0.45,0.45,0,0.35355339059327373,0.316227766016838,0.30000000000000004,0.1463116843489483,0.0,0.27436493169660603,0.8536883156510517,0.8902662367382888,0.8536883156510517
6,1,ferry,1,6,0.15,0.65,4,4,0.45,0.45,0,0.3807886552931954,0.36055512754639896,0.31622776601683794,0.12168032380485583,0.0,0.2534282752341275,0.8783196761951442,0.9087397571463581,0.8783196761951442
6,1,ferry,1,7,0.15,0.75,4,4,0.45,0.45,0,0.4301162633521313,0.42426406871192857,0.36055512754639896,0.09397144674905822,0.0,0.22987572973669948,0.9060285532509418,0.9295214149382063,0.9060285532509418
6,1,ferry,1,8,0.15,0.85,4,4,0.45,0.45,0,0.49497474683058323,0.5,0.4242640687119285,0.07036660442466008,0.0,0.20981161376096108,0.92963339557534,0.947225046681505,0.92963339557534
6,1,ferry,1,9,0.15,0.95,4,4,0.45,0.45,0,0.5700877125495689,0.58309518948453,0.49999999999999994,0.05227067269413023,0.0,0.1944300717900107,0.9477293273058698,0.9607969954794023,0.9477293273058698
6,1,ferry,2,0,0.25,0.05,4,4,0.45,0.45,0,0.51478150704935,0.447213595499958,0.447213595499958,0.07431766558329643,0.0,0.21317001574580197,0.9256823344167036,0.9442617508125277,0.9256823344167036
6,1,ferry,2,1,0.25,0.15,4,4,0.45,0.45,0,0.4301162633521313,0.36055512754639896,0.36055512754639896,0.11070821199528633,0.0,0.24410198019599338,0.8892917880047136,0.9169688410035353,0.8892917880047136
6,1,ferry,2,2,0.25,0.25,4,4,0.45,0.45,0,0.3535533905932738,0.28284271247461906,0.28284271247461906,0.1646053755335113,0.0,0.2899145692034846,0.8353946244664887,0.8765459683498665,0.8353946244664887
6,1,ferry,2,3,0.25,0.35,4,4,0.45,0.45,0,0.29154759474226505,0.22360679774997902,0.22360679774997902,0.22961640287711949,0.0,0.34517394244555155,0.7703835971228805,0.8277876978421603,0.7703835971228805
6,1,ferry,2,4,0.25,0.45,4,4,0.45,0.45,0,0.25495097567963926,0.2,0.2,0.2677729820075848,0.5,0.3776070347064471,0.7322270179924152,0.7991702634943114,0.7322270179924152
6,1,ferry,2,5,0.25,0.55,4,4,0.45,0.45,0,0.25495097567963926,0.22360679774997902,0.2,0.24171425739701285,0.0,0.3554571187874609,0.7582857426029872,0.8187143069522403,0.7582857426029872
6,1,ferry,2,6,0.25,0.65,4,4,0.45,0.45,0,0.29154759474226505,0.28284271247461906,0.22360679774997896,0.18230132315974334,0.0,0.3049561246857818,0.8176986768402567,0.8632740076301925,0.8176986768402567
6,1,ferry,2,7,0.25,0.75,4,4,0.45,0.45,0,0.3535533905932738,0.36055512754639896,0.282842712474619,0.12847130633080076,0.0,0.25920061038118064,0.8715286936691993,0.9036465202518994,0.8715286936691993
6,1,ferry,2,8,0.25,0.85,4,4,0.45,0.45,0,0.4301162633521313,0.4472135954999579,0.36055512754639885,0.08974842799365534,0.0,0.22628616379460703,0.9102515720063447,0.9326886790047585,0.9102515720063447
6,1,ferry,2,9,0.25,0.95,4,4,0.45,0.45,0,0.51478150704935,0.5385164807134504,0.44721359549995787,0.0634569363648945,0.0,0.20393839591016033,0.9365430636351055,0.9524072977263291,0.9365430636351055
6,1,ferry,3,0,0.35,0.05,4,4,0.45,0.45,0,0.4743416490252569,0.41231056256176607,0.4123105625617661,0.0879503170382584,0.0,0.22475776948251963,0.9120496829617416,0.9340372622213062,0.9120496829617416
6,1,ferry,3,1,0.35,0.15,4,4,0.45,0.45,0,0.3807886552931954,0.316227766016838,0.316227766016838,0.13952070182300336,0.0,0.26859259654955286,0.8604792981769966,0.8953594736327475,0.8604792981769966
6,1,ferry,3,2,0.35,0.25,4,4,0.45,0.45,0,0.29154759474226505,0.223606797749979,0.22360679774997902,0.22961640287711949,0.0,0.34517394244555155,0.7703835971228805,0.8277876978421603,0.7703835971228805
6,1,ferry,3,3,0.35,0.35,4,4,0.45,0.45,0,0.21213203435596428,0.14142135623730956,0.14142135623730956,0.37424208726920694,0.5,0.46810577417882593,0.6257579127307931,0.7193184345480947,0.6257579127307931
6,1,ferry,3,4,0.35,0.45,4,4,0.45,0.45,0,0.15811388300841897,0.10000000000000003,0.10000000000000003,0.4925703755624862,0.5,0.5686848192281132,0.5074296244375138,0.6305722183281354,0.5074296244375138
6,1,ferry,3,5,0.35,0.55,4,4,0.45,0.45,0,0.158113883008419,0.14142135623730956,0.10000000000000003,0.3975166997522974,0.5,0.4878891947894528,0.6024833002477026,0.7018624751857769,0.6024833002477026
6,1,ferry,3,6,0.35,0.65,4,4,0.45,0.45,0,0.21213203435596428,0.223606797749979,0.14142135623730953,0.25766270387689927,0.5,0.36901329829536433,0.7423372961231007,0.8067529720923255,0.7423372961231007
6,1,ferry,3,7,0.35,0.75,4,4,0.45,0.45,0,0.29154759474226505,0.31622776601683794,0.22360679774997894,0.1640076319751804,0.0,0.2894064871789033,0.8359923680248196,0.8769942760186147,0.8359923680248196
6,1,ferry,3,8,0.35,0.85,4,4,0.45,0.45,0,0.3807886552931954,0.412310562561766,0.3162277660168379,0.10747013848961003,0.0,0.24134961771616853,0.8925298615103899,0.9193973961327925,0.8925298615103899
6,1,ferry,3,9,0.35,0.95,4,4,0.45,0.45,0,0.4743416490252569,0.5099019513592784,0.41231056256176596,0.07293653705384483,0.0,0.21199605649576808,0.9270634629461552,0.9452975972096164,0.9270634629461552
6,1,ferry,4,0,0.45,0.05,4,4,0.45,0.45,0,0.45276925690687087,0.4,0.4,0.09484552136742302,0.0,0.23061869316230957,0.9051544786325769,0.9288658589744327,0.9051544786325769
6,1,ferry,4,1,0.45,0.15,4,4,0.45,0.45,0,0.35355339059327373,0.30000000000000004,0.30000000000000004,0.1545952563325272,0.0,0.2814059678826481,0.8454047436674728,0.8840535577506046,0.8454047436674728
6,1,ferry,4,2,0.45,0.25,4,4,0.45,0.45,0,0.25495097567963926,0.2,0.2,0.2677729820075848,0.5,0.3776070347064471,0.7322270179924152,0.7991702634943114,0.7322270179924152
6,1,ferry,4,3,0.45,0.35,4,4,0.45,0.45,0,0.15811388300841897,0.10000000000000003,0.10000000000000003,0.4925703755624862,0.5,0.5686848192281132,0.5074296244375138,0.6305722183281354,0.5074296244375138
6,1,ferry,4,4,0.45,0.45,4,4,0.45,0.45,1,0.07071067811865474,0.0,0.0,1.0,1.0,1.0,0.0,0.25,0.0
6,1,ferry,4,5,0.45,0.55,4,4,0.45,0.45,0,0.07071067811865478,0.10000000000000003,0.0,0.5392111964590955,0.5,0.6083295169902312,0.46078880354090446,0.5955916026556783,0.46078880354090446
6,1,ferry,4,6,0.45,0.65,4,4,0.45,0.45,0,0.15811388300841897,0.2,0.09999999999999998,0.30699604097056166,0.5,0.4109466348249774,0.6930039590294383,0.7697529692720788,0.6930039590294383
6,1,ferry,4,7,0.45,0.75,4,4,0.45,0.45,0,0.25495097567963926,0.3,0.19999999999999996,0.18438905847865267,0.0,0.30673069970685474,0.8156109415213473,0.8617082061410105,0.8156109415213473
6,1,ferry,4,8,0.45,0.85,4,4,0.45,0.45,0,0.35355339059327373,0.39999999999999997,0.29999999999999993,0.11712844434924252,0.0,0.24955917769685615,0.8828715556507575,0.9121536667380681,0.8828715556507575
6,1,ferry,4,9,0.45,0.95,4,4,0.45,0.45,0,0.4527692569068708,0.49999999999999994,0.3999999999999999,0.07801059755019903,0.0,0.21630900791766916,0.921989402449801,0.9414920518373507,0.921989402449801
6,1,ferry,5,0,0.55,0.05,4,4,0.45,0.45,0,0.45276925690687087,0.41231056256176607,0.4,0.09197819803373551,0.0,0.2281814683286752,0.9080218019662645,0.9310163514746984,0.9080218019662645
6,1,ferry,5,1,0.55,0.15,4,4,0.45,0.45,0,0.35355339059327373,0.316227766016838,0.30000000000000004,0.1463116843489483,0.0,0.27436493169660603,0.8536883156510517,0.8902662367382888,0.8536883156510517
6,1,ferry,5,2,0.55,0.25,4,4,0.45,0.45,0,0.25495097567963926,0.223606797749979,0.2,0.2417142573970129,0.0,0.355457118787461,0.7582857426029871,0.8187143069522403,0.7582857426029871
6,1,ferry,5,3,0.55,0.35,4,4,0.45,0.45,0,0.158113883008419,0.14142135623730956,0.10000000000000003,0.3975166997522974,0.5,0.4878891947894528,0.6024833002477026,0.7018624751857769,0.6024833002477026
6,1,ferry,5,4,0.55,0.45,4,4,0.45,0.45,0,0.07071067811865478,0.10000000000000003,0.0,0.5392111964590955,0.5,0.6083295169902312,0.46078880354090446,0.5955916026556783,0.46078880354090446
6,1,ferry,5,5,0.55,0.55,4,4,0.45,0.45,0,0.07071067811865482,0.14142135623730956,0.0,0.4441575206489068,0.5,0.5275338925515708,0.5558424793510932,0.6668818595133199,0.5558424793510932
6,1,ferry,5,6,0.55,0.65,4,4,0.45,0.45,0,0.158113883008419,0.223606797749979,0.09999999999999998,0.2809373163599897,0.5,0.3887967189059912,0.7190626836400102,0.7892970127300077,0.7190626836400102
6,1,ferry,5,7,0.55,0.75,4,4,0.45,0.45,0,0.25495097567963926,0.31622776601683794,0.19999999999999996,0.1761054864950738,0.0,0.2996896635208127,0.8238945135049263,0.8679208851286946,0.8238945135049263
6,1,ferry,5,8,0.55,0.85,4,4,0.45,0.45,0,0.35355339059327373,0.412310562561766,0.29999999999999993,0.114261121015555,0.0,0.24712195286322175,0.885738878984445,0.9143041592383337,0.885738878984445
6,1,ferry,5,9,0.55,0.95,4,4,0.45,0.45,0,0.4527692569068708,0.5099019513592784,0.3999999999999999,0.07696441804932197,0.0,0.21541975534192365,0.923035581950678,0.9422766864630086,0.923035581950678
6,1,ferry,6,0,0.65,0.05,4,4,0.45,0.45,0,0.4743416490252569,0.447213595499958,0.4123105625617661,0.0812007183518732,0.0,0.21902061059909222,0.9187992816481267,0.9390994612360951,0.9187992816481267
6,1,ferry,6,1,0.65,0.15,4,4,0.45,0.45,0,0.3807886552931954,0.36055512754639896,0.31622776601683794,0.12168032380485583,0.0,0.2534282752341275,0.8783196761951442,0.9087397571463581,0.8783196761951442
6,1,ferry,6,2,0.65,0.25,4,4,0.45,0.45,0,0.29154759474226505,0.28284271247461906,0.22360679774997896,0.18230132315974334,0.0,0.3049561246857818,0.8176986768402567,0.8632740076301925,0.8176986768402567
6,1,ferry,6,3,0.65,0.35,4,4,0.45,0.45,0,0.21213203435596428,0.22360679774997902,0.14142135623730953,0.25766270387689927,0.5,0.36901329829536433,0.7423372961231007,0.8067529720923255,0.7423372961231007
6,1,ferry,6,4,0.65,0.45,4,4,0.45,0.45,0,0.15811388300841897,0.2,0.09999999999999998,0.30699604097056166,0.5,0.4109466348249774,0.6930039590294383,0.7697529692720788,0.6930039590294383
6,1,ferry,6,5,0.65,0.55,4,4,0.45,0.45,0,0.158113883008419,0.22360679774997902,0.09999999999999998,0.28093731635998964,0.5,0.3887967189059912,0.7190626836400104,0.7892970127300077,0.7190626836400104
6,1,ferry,6,6,0.65,0.65,4,4,0.45,0.45,0,0.21213203435596428,0.28284271247461906,0.14142135623730948,0.21034762415952313,0.0,0.32879548053559465,0.7896523758404769,0.8422392818803577,0.7896523758404769
6,1,ferry,6,7,0.65,0.75,4,4,0.45,0.45,0,0.29154759474226505,0.36055512754639896,0.2236067977499789,0.14616725395703284,0.0,0.27424216586347794,0.8538327460429671,0.8903745595322253,0.8538327460429671
6,1,ferry,6,8,0.65,0.85,4,4,0.45,0.45,0,0.3807886552931954,0.4472135954999579,0.31622776601683783,0.10072053980322485,0.0,0.23561245883274112,0.8992794601967752,0.9244595951475814,0.8992794601967752
6,1,ferry,6,9,0.65,0.95,4,4,0.45,0.45,0,0.4743416490252569,0.5385164807134504,0.41231056256176596,0.07033998913347127,0.0,0.20978899076345056,0.9296600108665287,0.9472450081498965,0.9296600108665287
6,1,ferry,7,0,0.75,0.05,4,4,0.45,0.45,0,0.51478150704935,0.5,0.4472135954999579,0.06709966378614511,0.0,0.20703471421822334,0.9329003362138549,0.9496752521603912,0.9329003362138549
6,1,ferry,7,1,0.75,0.15,4,4,0.45,0.45,0,0.4301162633521313,0.42426406871192857,0.36055512754639896,0.09397144674905822,0.0,0.22987572973669948,0.9060285532509418,0.9295214149382063,0.9060285532509418
6,1,ferry,7,2,0.75,0.25,4,4,0.45,0.45,0,0.3535533905932738,0.36055512754639896,0.282842712474619,0.12847130633080076,0.0,0.25920061038118064,0.8715286936691993,0.9036465202518994,0.8715286936691993
6,1,ferry,7,3,0.75,0.35,4,4,0.45,0.45,0,0.29154759474226505,0.31622776601683794,0.22360679774997894,0.1640076319751804,0.0,0.2894064871789033,0.8359923680248196,0.8769942760186147,0.8359923680248196
6,1,ferry,7,4,0.75,0.45,4,4,0.45,0.45,0,0.25495097567963926,0.3,0.19999999999999996,0.18438905847865267,0.0,0.30673069970685474,0.8156109415213473,0.8617082061410105,0.8156109415213473
6,1,ferry,7,5,0.75,0.55,4,4,0.45,0.45,0,0.25495097567963926,0.31622776601683794,0.19999999999999996,0.1761054864950738,0.0,0.2996896635208127,0.8238945135049263,0.8679208851286946,0.8238945135049263
6,1,ferry,7,6,0.75,0.65,4,4,0.45,0.45,0,0.29154759474226505,0.36055512754639896,0.2236067977499789,0.14616725395703284,0.0,0.27424216586347794,0.8538327460429671,0.8903745595322253,0.8538327460429671
6,1,ferry,7,7,0.75,0.75,4,4,0.45,0.45,0,0.3535533905932738,0.4242640687119285,0.28284271247461895,0.11173454108457267,0.0,0.24497435992188676,0.8882654589154273,0.9161990941865705,0.8882654589154273
6,1,ferry,7,8,0.75,0.85,4,4,0.45,0.45,0,0.4301162633521313,0.49999999999999994,0.36055512754639885,0.08253042619650403,0.0,0.2201508622670284,0.9174695738034959,0.9381021803526219,0.9174695738034959
6,1,ferry,7,9,0.75,0.95,4,4,0.45,0.45,0,0.51478150704935,0.58309518948453,0.4472135954999578,0.06042905574400608,0.0,0.20136469738240517,0.939570944255994,0.9546782081919954,0.939570944255994
6,1,ferry,8,0,0.85,0.05,4,4,0.45,0.45,0,0.570087712549569,0.565685424949238,0.5,0.053326660223900174,0.0,0.19532766119031514,0.9466733397760998,0.9600050048320748,0.9466733397760998
6,1,ferry,8,1,0.85,0.15,4,4,0.45,0.45,0,0.49497474683058323,0.5,0.4242640687119285,0.07036660442466008,0.0,0.20981161376096108,0.92963339557534,0.947225046681505,0.92963339557534
6,1,ferry,8,2,0.85,0.25,4,4,0.45,0.45,0,0.4301162633521313,0.4472135954999579,0.36055512754639885,0.08974842799365534,0.0,0.22628616379460703,0.9102515720063447,0.9326886790047585,0.9102515720063447
6,1,ferry,8,3,0.85,0.35,4,4,0.45,0.45,0,0.3807886552931954,0.412310562561766,0.3162277660168379,0.10747013848961003,0.0,0.24134961771616853,0.8925298615103899,0.9193973961327925,0.8925298615103899
6,1,ferry,8,4,0.85,0.45,4,4,0.45,0.45,0,0.35355339059327373,0.39999999999999997,0.29999999999999993,0.11712844434924252,0.0,0.24955917769685615,0.8828715556507575,0.9121536667380681,0.8828715556507575
6,1,ferry,8,5,0.85,0.55,4,4,0.45,0.45,0,0.35355339059327373,0.412310562561766,0.29999999999999993,0.114261121015555,0.0,0.24712195286322175,0.885738878984445,0.9143041592383337,0.885738878984445
6,1,ferry,8,6,0.85,0.65,4,4,0.45,0.45,0,0.3807886552931954,0.4472135954999579,0.31622776601683783,0.10072053980322485,0.0,0.23561245883274112,0.8992794601967752,0.9244595951475814,0.8992794601967752
6,1,ferry,8,7,0.85,0.75,4,4,0.45,0.45,0,0.4301162633521313,0.49999999999999994,0.36055512754639885,0.08253042619650403,0.0,0.2201508622670284,0.9174695738034959,0.9381021803526219,0.9174695738034959
6,1,ferry,8,8,0.85,0.85,4,4,0.45,0.45,0,0.49497474683058323,0.565685424949238,0.4242640687119284,0.06475198391229102,0.0,0.20503918632544738,0.935248016087709,0.9514360120657818,0.935248016087709
6,1,ferry,8,9,0.85,0.95,4,4,0.45,0.45,0,0.5700877125495689,0.6403124237432848,0.4999999999999999,0.04967538042012892,0.0,0.1922240733571096,0.9503246195798711,0.9627434646849033,0.9503246195798711
6,1,ferry,9,0,0.95,0.05,4,4,0.45,0.45,0,0.6363961030678927,0.6403124237432849,0.565685424949238,0.0415209865695013,0.0,0.1852928385840761,0.9584790134304987,0.968859260072874,0.9584790134304987
6,1,ferry,9,1,0.95,0.15,4,4,0.45,0.45,0,0.5700877125495689,0.58309518948453,0.49999999999999994,0.05227067269413023,0.0,0.1944300717900107,0.9477293273058698,0.9607969954794023,0.9477293273058698
6,1,ferry,9,2,0.95,0.25,4,4,0.45,0.45,0,0.51478150704935,0.5385164807134504,0.44721359549995787,0.0634569363648945,0.0,0.20393839591016033,0.9365430636351055,0.9524072977263291,0.9365430636351055
6,1,ferry,9,3,0.95,0.35,4,4,0.45,0.45,0,0.4743416490252569,0.5099019513592784,0.41231056256176596,0.07293653705384483,0.0,0.21199605649576808,0.9270634629461552,0.9452975972096164,0.9270634629461552
6,1,ferry,9,4,0.95,0.45,4,4,0.45,0.45,0,0.4527692569068708,0.49999999999999994,0.3999999999999999,0.07801059755019903,0.0,0.21630900791766916,0.921989402449801,0.9414920518373507,0.921989402449801
6,1,ferry,9,5,0.95,0.55,4,4,0.45,0.45,0,0.4527692569068708,0.5099019513592784,0.3999999999999999,0.07696441804932197,0.0,0.21541975534192365,0.923035581950678,0.9422766864630086,0.923035581950678
6,1,ferry,9,6,0.95,0.65,4,4,0.45,0.45,0,0.4743416490252569,0.5385164807134504,0.41231056256176596,0.07033998913347127,0.0,0.20978899076345056,0.9296600108665287,0.9472450081498965,0.9296600108665287
6,1,ferry,9,7,0.95,0.75,4,4,0.45,0.45,0,0.51478150704935,0.58309518948453,0.4472135954999578,0.06042905574400608,0.0,0.20136469738240517,0.939570944255994,0.9546782081919954,0.939570944255994
6,1,ferry,9,8,0.95,0.85,4,4,0.45,0.45,0,0.5700877125495689,0.6403124237432848,0.4999999999999999,0.04967538042012892,0.0,0.1922240733571096,0.9503246195798711,0.9627434646849033,0.9503246195798711
6,1,ferry,9,9,0.95,0.95,4,4,0.45,0.45,0,0.6363961030678927,0.7071067811865475,0.5656854249492379,0.039670274676575655,0.0,0.1837197334750893,0.9603297253234243,0.9702472939925683,0.9603297253234243
7,1,ferry,0,0,0.05,0.05,4,5,0.45,0.55,0,0.6363961030678927,0.6403124237432849,0.5656854249492381,0.0415209865695013,0.0,0.1852928385840761,0.9584790134304987,0.968859260072874,0.9584790134304987
7,1,ferry,0,1,0.05,0.15,4,5,0.45,0.55,0,0.570087712549569,0.5656854249492381,0.5,0.053326660223900174,0.0,0.19532766119031514,0.9466733397760998,0.9600050048320748,0.9466733397760998
7,1,ferry,0,2,0.05,0.25,4,5,0.45,0.55,0,0.51478150704935,0.5,0.447213595499958,0.06709966378614511,0.0,0.20703471421822334,0.9329003362138549,0.9496752521603912,0.9329003362138549
7,1,ferry,0,3,0.05,0.35,4,5,0.45,0.55,0,0.47434164902525694,0.44721359549995804,0.4123105625617661,0.08120071835187317,0.0,0.2190206105990922,0.9187992816481269,0.9390994612360951,0.9187992816481269
7,1,ferry,0,4,0.05,0.45,4,5,0.45,0.55,0,0.45276925690687087,0.4123105625617661,0.4,0.0919781980337355,0.0,0.22818146832867517,0.9080218019662645,0.9310163514746984,0.9080218019662645
7,1,ferry,0,5,0.05,0.55,4,5,0.45,0.55,0,0.45276925690687087,0.4,0.4,0.09484552136742302,0.0,0.23061869316230957,0.9051544786325769,0.9288658589744327,0.9051544786325769
7,1,ferry,0,6,0.05,0.65,4,5,0.45,0.55,0,0.47434164902525694,0.4123105625617661,0.4123105625617661,0.08795031703825837,0.0,0.2247577694825196,0.9120496829617416,0.9340372622213062,0.9120496829617416
7,1,ferry,0,7,0.05,0.75,4,5,0.45,0.55,0,0.51478150704935,0.4472135954999579,0.4472135954999579,0.07431766558329644,0.0,0.21317001574580197,0.9256823344167036,0.9442617508125277,0.9256823344167036
7,1,ferry,0,8,0.05,0.85,4,5,0.45,0.55,0,0.570087712549569,0.5,0.5,0.05894128073626925,0.0,0.20010008862582884,0.9410587192637307,0.9557940394477981,0.9410587192637307
7,1,ferry,0,9,0.05,0.95,4,5,0.45,0.55,0,0.6363961030678927,0.565685424949238,0.565685424949238,0.04517226637327257,0.0,0.18839642641728166,0.9548277336267275,0.9661208002200455,0.9548277336267275
7,1,ferry,1,0,0.15,0.05,4,5,0.45,0.55,0,0.570087712549569,0.5830951894845301,0.5,0.052270672694130216,0.0,0.19443007179001068,0.9477293273058698,0.9607969954794023,0.9477293273058698
7,1,ferry,1,1,0.15,0.15,4,5,0.45,0.55,0,0.49497474683058323,0.5,0.42426406871192857,0.07036660442466008,0.0,0.20981161376096108,0.92963339557534,0.947225046681505,0.92963339557534
7,1,ferry,1,2,0.15,0.25,4,5,0.45,0.55,0,0.4301162633521313,0.42426406871192857,0.36055512754639896,0.09397144674905822,0.0,0.22987572973669948,0.9060285532509418,0.9295214149382063,0.9060285532509418
7,1,ferry,1,3,0.15,0.35,4,5,0.45,0.55,0,0.3807886552931954,0.360555127546399,0.316227766016838,0.1216803238048558,0.0,0.2534282752341274,0.8783196761951442,0.9087397571463581,0.8783196761951442
7,1,ferry,1,4,0.15,0.45,4,5,0.45,0.55,0,0.35355339059327373,0.316227766016838,0.30000000000000004,0.1463116843489483,0.0,0.27436493169660603,0.8536883156510517,0.8902662367382888,0.8536883156510517
7,1,ferry,1,5,0.15,0.55,4,5,0.45,0.55,0,0.35355339059327373,0.30000000000000004,0.30000000000000004,0.1545952563325272,0.0,0.2814059678826481,0.8454047436674728,0.8840535577506046,0.8454047436674728
7,1,ferry,1,6,0.15,0.65,4,5,0.45,0.55,0,0.3807886552931954,0.31622776601683794,0.31622776601683794,0.13952070182300338,0.0,0.26859259654955286,0.8604792981769966,0.8953594736327475,0.8604792981769966
7,1,ferry,1,7,0.15,0.75,4,5,0.45,0.55,0,0.4301162633521313,0.36055512754639896,0.36055512754639896,0.11070821199528633,0.0,0.24410198019599338,0.8892917880047136,0.9169688410035353,0.8892917880047136
7,1,ferry,1,8,0.15,0.85,4,5,0.45,0.55,0,0.49497474683058323,0.4242640687119285,0.4242640687119285,0.0818076249772143,0.0,0.21953648123063216,0.9181923750227857,0.9386442812670893,0.9181923750227857
7,1,ferry,1,9,0.15,0.95,4,5,0.45,0.55,0,0.5700877125495689,0.49999999999999994,0.49999999999999994,0.058941280736269266,0.0,0.20010008862582887,0.9410587192637307,0.9557940394477981,0.9410587192637307
7,1,ferry,2,0,0.25,0.05,4,5,0.45,0.55,0,0.51478150704935,0.5385164807134505,0.447213595499958,0.06345693636489448,0.0,0.2039383959101603,0.9365430636351055,0.9524072977263291,0.9365430636351055
7,1,ferry,2,1,0.25,0.15,4,5,0.45,0.55,0,0.4301162633521313,0.447213595499958,0.36055512754639896,0.08974842799365534,0.0,0.22628616379460703,0.9102515720063447,0.9326886790047585,0.9102515720063447
7,1,ferry,2,2,0.25,0.25,4,5,0.45,0.55,0,0.3535533905932738,0.36055512754639896,0.28284271247461906,0.12847130633080076,0.0,0.25920061038118064,0.8715286936691993,0.9036465202518994,0.8715286936691993
7,1,ferry,2,3,0.25,0.35,4,5,0.45,0.55,0,0.29154759474226505,0.28284271247461906,0.22360679774997902,0.18230132315974334,0.0,0.3049561246857818,0.8176986768402567,0.8632740076301925,0.8176986768402567
7,1,ferry,2,4,0.25,0.45,4,5,0.45,0.55,0,0.25495097567963926,0.22360679774997902,0.2,0.24171425739701285,0.0,0.3554571187874609,0.7582857426029872,0.8187143069522403,0.7582857426029872
7,1,ferry,2,5,0.25,0.55,4,5,0.45,0.55,0,0.25495097567963926,0.2,0.2,0.2677729820075848,0.5,0.3776070347064471,0.7322270179924152,0.7991702634943114,0.7322270179924152
7,1,ferry,2,6,0.25,0.65,4,5,0.45,0.55,0,0.29154759474226505,0.22360679774997896,0.22360679774997896,0.22961640287711954,0.0,0.3451739424455516,0.7703835971228805,0.8277876978421603,0.7703835971228805
7,1,ferry,2,7,0.25,0.75,4,5,0.45,0.55,0,0.3535533905932738,0.282842712474619,0.282842712474619,0.16460537553351132,0.0,0.2899145692034846,0.8353946244664887,0.8765459683498665,0.8353946244664887
7,1,ferry,2,8,0.25,0.85,4,5,0.45,0.55,0,0.4301162633521313,0.3605551275463989,0.36055512754639885,0.11070821199528635,0.0,0.24410198019599338,0.8892917880047136,0.9169688410035353,0.8892917880047136
7,1,ferry,2,9,0.25,0.95,4,5,0.45,0.55,0,0.51478150704935,0.44721359549995787,0.44721359549995787,0.07431766558329644,0.0,0.21317001574580197,0.9256823344167036,0.9442617508125277,0.9256823344167036
7,1,ferry,3,0,0.35,0.05,4,5,0.45,0.55,0,0.4743416490252569,0.5099019513592785,0.4123105625617661,0.07293653705384483,0.0,0.21199605649576808,0.9270634629461552,0.9452975972096164,0.9270634629461552
7,1,ferry,3,1,0.35,0.15,4,5,0.45,0.55,0,0.3807886552931954,0.41231056256176607,0.316227766016838,0.10747013848961001,0.0,0.2413496177161685,0.89252986151039,0.9193973961327925,0.89252986151039
7,1,ferry,3,2,0.35,0.25,4,5,0.45,0.55,0,0.29154759474226505,0.316227766016838,0.22360679774997902,0.16400763197518037,0.0,0.28940648717890327,0.8359923680248196,0.8769942760186147,0.8359923680248196
7,1,ferry,3,3,0.35,0.35,4,5,0.45,0.55,0,0.21213203435596428,0.22360679774997905,0.14142135623730956,0.25766270387689927,0.5,0.36901329829536433,0.7423372961231007,0.8067529720923255,0.7423372961231007
7,1,ferry,3,4,0.35,0.45,4,5,0.45,0.55,0,0.15811388300841897,0.14142135623730956,0.10000000000000003,0.3975166997522974,0.5,0.4878891947894528,0.6024833002477026,0.7018624751857769,0.6024833002477026
7,1,ferry,3,5,0.35,0.55,4,5,0.45,0.55,0,0.158113883008419,0.10000000000000003,0.10000000000000003,0.4925703755624862,0.5,0.5686848192281132,0.5074296244375138,0.6305722183281354,0.5074296244375138
7,1,ferry,3,6,0.35,0.65,4,5,0.45,0.55,0,0.21213203435596428,0.14142135623730953,0.14142135623730953,0.374242087269207,0.5,0.46810577417882593,0.6257579127307931,0.7193184345480947,0.6257579127307931
7,1,ferry,3,7,0.35,0.75,4,5,0.45,0.55,0,0.29154759474226505,0.22360679774997894,0.22360679774997894,0.2296164028771196,0.0,0.34517394244555166,0.7703835971228804,0.8277876978421603,0.7703835971228804
7,1,ferry,3,8,0.35,0.85,4,5,0.45,0.55,0,0.3807886552931954,0.3162277660168379,0.3162277660168379,0.1395207018230034,0.0,0.2685925965495529,0.8604792981769966,0.8953594736327475,0.8604792981769966
7,1,ferry,3,9,0.35,0.95,4,5,0.45,0.55,0,0.4743416490252569,0.41231056256176596,0.41231056256176596,0.08795031703825842,0.0,0.22475776948251966,0.9120496829617416,0.9340372622213062,0.9120496829617416
7,1,ferry,4,0,0.45,0.05,4,5,0.45,0.55,0,0.45276925690687087,0.5,0.4,0.07801059755019901,0.0,0.21630900791766916,0.921989402449801,0.9414920518373507,0.921989402449801
7,1,ferry,4,1,0.45,0.15,4,5,0.45,0.55,0,0.35355339059327373,0.4,0.30000000000000004,0.1171284443492425,0.0,0.2495591776968561,0.8828715556507575,0.9121536667380681,0.8828715556507575
7,1,ferry,4,2,0.45,0.25,4,5,0.45,0.55,0,0.25495097567963926,0.30000000000000004,0.2,0.18438905847865264,0.0,0.30673069970685474,0.8156109415213474,0.8617082061410105,0.8156109415213474
7,1,ferry,4,3,0.45,0.35,4,5,0.45,0.55,0,0.15811388300841897,0.20000000000000007,0.10000000000000003,0.3069960409705616,0.5,0.4109466348249774,0.6930039590294383,0.7697529692720788,0.6930039590294383
7,1,ferry,4,4,0.45,0.45,4,5,0.45,0.55,0,0.07071067811865474,0.10000000000000003,0.0,0.5392111964590955,0.5,0.6083295169902312,0.46078880354090446,0.5955916026556783,0.46078880354090446
7,1,ferry,4,5,0.45,0.55,4,5,0.45,0.55,1,0.07071067811865478,0.0,0.0,1.0,1.0,1.0,0.0,0.25,0.0
7,1,ferry,4,6,0.45,0.65,4,5,0.45,0.55,0,0.15811388300841897,0.09999999999999998,0.09999999999999998,0.4925703755624864,0.5,0.5686848192281134,0.5074296244375136,0.6305722183281353,0.5074296244375136
7,1,ferry,4,7,0.45,0.75,4,5,0.45,0.55,0,0.25495097567963926,0.19999999999999996,0.19999999999999996,0.26777298200758487,0.5,0.37760703470644713,0.7322270179924151,0.7991702634943114,0.7322270179924151
7,1,ferry,4,8,0.45,0.85,4,5,0.45,0.55,0,0.35355339059327373,0.29999999999999993,0.29999999999999993,0.15459525633252724,0.0,0.28140596788264816,0.8454047436674728,0.8840535577506046,0.8454047436674728
7,1,ferry,4,9,0.45,0.95,4,5,0.45,0.55,0,0.4527692569068708,0.3999999999999999,0.3999999999999999,0.09484552136742308,0.0,0.2306186931623096,0.9051544786325769,0.9288658589744327,0.9051544786325769
7,1,ferry,5,0,0.55,0.05,4,5,0.45,0.55,0,0.45276925690687087,0.5099019513592785,0.4,0.07696441804932194,0.0,0.21541975534192365,0.923035581950678,0.9422766864630086,0.923035581950678
7,1,ferry,5,1,0.55,0.15,4,5,0.45,0.55,0,0.35355339059327373,0.41231056256176607,0.30000000000000004,0.11426112101555498,0.0,0.24712195286322172,0.885738878984445,0.9143041592383337,0.885738878984445
7,1,ferry,5,2,0.55,0.25,4,5,0.45,0.55,0,0.25495097567963926,0.316227766016838,0.2,0.17610548649507377,0.0,0.2996896635208127,0.8238945135049263,0.8679208851286947,0.8238945135049263
7,1,ferry,5,3,0.55,0.35,4,5,0.45,0.55,0,0.158113883008419,0.22360679774997905,0.10000000000000003,0.28093731635998964,0.5,0.3887967189059912,0.7190626836400104,0.7892970127300077,0.7190626836400104
7,1,ferry,5,4,0.55,0.45,4,5,0.45,0.55,0,0.07071067811865478,0.14142135623730956,0.0,0.4441575206489068,0.5,0.5275338925515708,0.5558424793510932,0.6668818595133199,0.5558424793510932
7,1,ferry,5,5,0.55,0.55,4,5,0.45,0.55,0,0.07071067811865482,0.10000000000000003,0.0,0.5392111964590955,0.5,0.6083295169902312,0.46078880354090446,0.5955916026556783,0.46078880354090446
7,1,ferry,5,6,0.55,0.65,4,5,0.45,0.55,0,0.158113883008419,0.14142135623730953,0.09999999999999998,0.3975166997522974,0.5,0.4878891947894528,0.6024833002477026,0.7018624751857769,0.6024833002477026
7,1,ferry,5,7,0.55,0.75,4,5,0.45,0.55,0,0.25495097567963926,0.22360679774997894,0.19999999999999996,0.24171425739701297,0.0,0.355457118787461,0.758285742602987,0.8187143069522402,0.758285742602987
7,1,ferry,5,8,0.55,0.85,4,5,0.45,0.55,0,0.35355339059327373,0.3162277660168379,0.29999999999999993,0.14631168434894837,0.0,0.2743649316966061,0.8536883156510516,0.8902662367382888,0.8536883156510516
7,1,ferry,5,9,0.55,0.95,4,5,0.45,0.55,0,0.4527692569068708,0.41231056256176596,0.3999999999999999,0.09197819803373555,0.0,0.2281814683286752,0.9080218019662645,0.9310163514746983,0.9080218019662645
7,1,ferry,6,0,0.65,0.05,4,5,0.45,0.55,0,0.4743416490252569,0.5385164807134505,0.4123105625617661,0.07033998913347125,0.0,0.20978899076345056,0.9296600108665287,0.9472450081498965,0.9296600108665287
7,1,ferry,6,1,0.65,0.15,4,5,0.45,0.55,0,0.3807886552931954,0.447213595499958,0.31622776601683794,0.10072053980322483,0.0,0.2356124588327411,0.8992794601967752,0.9244595951475814,0.8992794601967752
7,1,ferry,6,2,0.65,0.25,4,5,0.45,0.55,0,0.29154759474226505,0.36055512754639896,0.22360679774997896,0.14616725395703284,0.0,0.27424216586347794,0.8538327460429671,0.8903745595322253,0.8538327460429671
7,1,ferry,6,3,0.65,0.35,4,5,0.45,0.55,0,0.21213203435596428,0.28284271247461906,0.14142135623730953,0.21034762415952313,0.0,0.32879548053559465,0.7896523758404769,0.8422392818803577,0.7896523758404769
7,1,ferry,6,4,0.65,0.45,4,5,0.45,0.55,0,0.15811388300841897,0.22360679774997902,0.09999999999999998,0.2809373163599897,0.5,0.3887967189059912,0.7190626836400102,0.7892970127300077,0.7190626836400102
7,1,ferry,6,5,0.65,0.55,4,5,0.45,0.55,0,0.158113883008419,0.2,0.09999999999999998,0.30699604097056166,0.5,0.4109466348249774,0.6930039590294383,0.7697529692720788,0.6930039590294383
7,1,ferry,6,6,0.65,0.65,4,5,0.45,0.55,0,0.21213203435596428,0.22360679774997896,0.14142135623730948,0.2576627038768993,0.5,0.36901329829536444,0.7423372961231007,0.8067529720923254,0.7423372961231007
7,1,ferry,6,7,0.65,0.75,4,5,0.45,0.55,0,0.29154759474226505,0.282842712474619,0.2236067977499789,0.1823013231597434,0.0,0.30495612468578187,0.8176986768402565,0.8632740076301925,0.8176986768402565
7,1,ferry,6,8,0.65,0.85,4,5,0.45,0.55,0,0.3807886552931954,0.3605551275463989,0.31622776601683783,0.12168032380485583,0.0,0.2534282752341275,0.8783196761951442,0.9087397571463581,0.8783196761951442
7,1,ferry,6,9,0.65,0.95,4,5,0.45,0.55,0,0.4743416490252569,0.44721359549995787,0.41231056256176596,0.08120071835187323,0.0,0.21902061059909222,0.9187992816481267,0.9390994612360951,0.9187992816481267
7,1,ferry,7,0,0.75,0.05,4,5,0.45,0.55,0,0.51478150704935,0.58309518948453,0.4472135954999579,0.06042905574400608,0.0,0.20136469738240517,0.939570944255994,0.9546782081919954,0.939570944255994
7,1,ferry,7,1,0.75,0.15,4,5,0.45,0.55,0,0.4301162633521313,0.5,0.36055512754639896,0.08253042619650403,0.0,0.2201508622670284,0.9174695738034959,0.9381021803526219,0.9174695738034959
7,1,ferry,7,2,0.75,0.25,4,5,0.45,0.55,0,0.3535533905932738,0.42426406871192857,0.282842712474619,0.11173454108457265,0.0,0.24497435992188674,0.8882654589154273,0.9161990941865705,0.8882654589154273
7,1,ferry,7,3,0.75,0.35,4,5,0.45,0.55,0,0.29154759474226505,0.36055512754639896,0.22360679774997894,0.14616725395703284,0.0,0.27424216586347794,0.8538327460429671,0.8903745595322253,0.8538327460429671
7,1,ferry,7,4,0.75,0.45,4,5,0.45,0.55,0,0.25495097567963926,0.31622776601683794,0.19999999999999996,0.1761054864950738,0.0,0.2996896635208127,0.8238945135049263,0.8679208851286946,0.8238945135049263
7,1,ferry,7,5,0.75,0.55,4,5,0.45,0.55,0,0.25495097567963926,0.3,0.19999999999999996,0.18438905847865267,0.0,0.30673069970685474,0.8156109415213473,0.8617082061410105,0.8156109415213473
7,1,ferry,7,6,0.75,0.65,4,5,0.45,0.55,0,0.29154759474226505,0.31622776601683794,0.2236067977499789,0.1640076319751804,0.0,0.2894064871789033,0.8359923680248196,0.8769942760186147,0.8359923680248196
7,1,ferry,7,7,0.75,0.75,4,5,0.45,0.55,0,0.3535533905932738,0.3605551275463989,0.28284271247461895,0.12847130633080078,0.0,0.25920061038118064,0.8715286936691993,0.9036465202518994,0.8715286936691993
7,1,ferry,7,8,0.75,0.85,4,5,0.45,0.55,0,0.4301162633521313,0.42426406871192845,0.36055512754639885,0.09397144674905825,0.0,0.2298757297366995,0.9060285532509418,0.9295214149382063,0.9060285532509418
7,1,ferry,7,9,0.75,0.95,4,5,0.45,0.55,0,0.51478150704935,0.4999999999999999,0.4472135954999578,0.06709966378614513,0.0,0.20703471421822334,0.9329003362138548,0.9496752521603912,0.9329003362138548
7,1,ferry,8,0,0.85,0.05,4,5,0.45,0.55,0,0.570087712549569,0.6403124237432849,0.5,0.04967538042012891,0.0,0.19222407335710956,0.9503246195798711,0.9627434646849033,0.9503246195798711
7,1,ferry,8,1,0.85,0.15,4,5,0.45,0.55,0,0.49497474683058323,0.565685424949238,0.4242640687119285,0.06475198391229102,0.0,0.20503918632544738,0.935248016087709,0.9514360120657818,0.935248016087709
7,1,ferry,8,2,0.85,0.25,4,5,0.45,0.55,0,0.4301162633521313,0.5,0.36055512754639885,0.08253042619650403,0.0,0.2201508622670284,0.9174695738034959,0.9381021803526219,0.9174695738034959
7,1,ferry,8,3,0.85,0.35,4,5,0.45,0.55,0,0.3807886552931954,0.4472135954999579,0.3162277660168379,0.10072053980322485,0.0,0.23561245883274112,0.8992794601967752,0.9244595951475814,0.8992794601967752
7,1,ferry,8,4,0.85,0.45,4,5,0.45,0.55,0,0.35355339059327373,0.412310562561766,0.29999999999999993,0.114261121015555,0.0,0.24712195286322175,0.885738878984445,0.9143041592383337,0.885738878984445
7,1,ferry,8,5,0.85,0.55,4,5,0.45,0.55,0,0.35355339059327373,0.39999999999999997,0.29999999999999993,0.11712844434924252,0.0,0.24955917769685615,0.8828715556507575,0.9121536667380681,0.8828715556507575
7,1,ferry,8,6,0.85,0.65,4,5,0.45,0.55,0,0.3807886552931954,0.412310562561766,0.31622776601683783,0.10747013848961003,0.0,0.24134961771616853,0.8925298615103899,0.9193973961327925,0.8925298615103899
7,1,ferry,8,7,0.85,0.75,4,5,0.45,0.55,0,0.4301162633521313,0.44721359549995787,0.36055512754639885,0.08974842799365536,0.0,0.22628616379460703,0.9102515720063447,0.9326886790047585,0.9102515720063447
7,1,ferry,8,8,0.85,0.85,4,5,0.45,0.55,0,0.49497474683058323,0.49999999999999994,0.4242640687119284,0.0703666044246601,0.0,0.20981161376096108,0.9296333955753399,0.9472250466815049,0.9296333955753399
7,1,ferry,8,9,0.85,0.95,4,5,0.45,0.55,0,0.5700877125495689,0.5656854249492379,0.4999999999999999,0.05332666022390019,0.0,0.19532766119031514,0.9466733397760998,0.9600050048320748,0.9466733397760998
7,1,ferry,9,0,0.95,0.05,4,5,0.45,0.55,0,0.6363961030678927,0.7071067811865475,0.565685424949238,0.039670274676575655,0.0,0.1837197334750893,0.9603297253234243,0.9702472939925683,0.9603297253234243
7,1,ferry,9,1,0.95,0.15,4,5,0.45,0.55,0,0.5700877125495689,0.6403124237432849,0.49999999999999994,0.04967538042012892,0.0,0.1922240733571096,0.9503246195798711,0.9627434646849033,0.9503246195798711
7,1,ferry,9,2,0.95,0.25,4,5,0.45,0.55,0,0.51478150704935,0.58309518948453,0.44721359549995787,0.06042905574400608,0.0,0.20136469738240517,0.939570944255994,0.9546782081919954,0.939570944255994
7,1,ferry,9,3,0.95,0.35,4,5,0.45,0.55,0,0.4743416490252569,0.5385164807134504,0.41231056256176596,0.07033998913347127,0.0,0.20978899076345056,0.9296600108665287,0.9472450081498965,0.9296600108665287
7,1,ferry,9,4,0.95,0.45,4,5,0.45,0.55,0,0.4527692569068708,0.5099019513592784,0.3999999999999999,0.07696441804932197,0.0,0.21541975534192365,0.923035581950678,0.9422766864630086,0.923035581950678
7,1,ferry,9,5,0.95,0.55,4,5,0.45,0.55,0,0.4527692569068708,0.49999999999999994,0.3999999999999999,0.07801059755019903,0.0,0.21630900791766916,0.921989402449801,0.9414920518373507,0.921989402449801
7,1,ferry,9,6,0.95,0.65,4,5,0.45,0.55,0,0.4743416490252569,0.5099019513592784,0.41231056256176596,0.07293653705384483,0.0,0.21199605649576808,0.9270634629461552,0.9452975972096164,0.9270634629461552
7,1,ferry,9,7,0.95,0.75,4,5,0.45,0.55,0,0.51478150704935,0.5385164807134504,0.4472135954999578,0.0634569363648945,0.0,0.20393839591016033,0.9365430636351055,0.9524072977263291,0.9365430636351055
7,1,ferry,9,8,0.95,0.85,4,5,0.45,0.55,0,0.5700877125495689,0.58309518948453,0.4999999999999999,0.05227067269413023,0.0,0.1944300717900107,0.9477293273058698,0.9607969954794023,0.9477293273058698
7,1,ferry,9,9,0.95,0.95,4,5,0.45,0.55,0,0.6363961030678927,0.6403124237432848,0.5656854249492379,0.0415209865695013,0.0,0.1852928385840761,0.9584790134304987,0.968859260072874,0.9584790134304987
8,1,ferry,0,0,0.05,0.05,5,4,0.55,0.45,0,0.6363961030678927,0.6403124237432849,0.5656854249492381,0.0415209865695013,0.0,0.1852928385840761,0.9584790134304987,0.968859260072874,0.9584790134304987
8,1,ferry,0,1,0.05,0.15,5,4,0.55,0.45,0,0.570087712549569,0.5830951894845301,0.5,0.052270672694130216,0.0,0.19443007179001068,0.9477293273058698,0.9607969954794023,0.9477293273058698
8,1,ferry,0,2,0.05,0.25,5,4,0.55,0.45,0,0.51478150704935,0.5385164807134504,0.447213595499958,0.0634569363648945,0.0,0.20393839591016033,0.9365430636351055,0.9524072977263291,0.9365430636351055
8,1,ferry,0,3,0.05,0.35,5,4,0.55,0.45,0,0.47434164902525694,0.5099019513592785,0.4123105625617661,0.07293653705384481,0.0,0.21199605649576808,0.9270634629461552,0.9452975972096164,0.9270634629461552
8,1,ferry,0,4,0.05,0.45,5,4,0.55,0.45,0,0.45276925690687087,0.5,0.4,0.07801059755019901,0.0,0.21630900791766916,0.921989402449801,0.9414920518373507,0.921989402449801
8,1,ferry,0,5,0.05,0.55,5,4,0.55,0.45,0,0.45276925690687087,0.5099019513592785,0.4,0.07696441804932194,0.0,0.21541975534192365,0.923035581950678,0.9422766864630086,0.923035581950678
8,1,ferry,0,6,0.05,0.65,5,4,0.55,0.45,0,0.47434164902525694,0.5385164807134504,0.4123105625617661,0.07033998913347125,0.0,0.20978899076345056,0.9296600108665287,0.9472450081498965,0.9296600108665287
8,1,ferry,0,7,0.05,0.75,5,4,0.55,0.45,0,0.51478150704935,0.58309518948453,0.4472135954999579,0.06042905574400608,0.0,0.20136469738240517,0.939570944255994,0.9546782081919954,0.939570944255994
8,1,ferry,0,8,0.05,0.85,5,4,0.55,0.45,0,0.570087712549569,0.6403124237432849,0.5,0.04967538042012891,0.0,0.19222407335710956,0.9503246195798711,0.9627434646849033,0.9503246195798711
8,1,ferry,0,9,0.05,0.95,5,4,0.55,0.45,0,0.6363961030678927,0.7071067811865475,0.565685424949238,0.039670274676575655,0.0,0.1837197334750893,0.9603297253234243,0.9702472939925683,0.9603297253234243
8,1,ferry,1,0,0.15,0.05,5,4,0.55,0.45,0,0.570087712549569,0.5656854249492381,0.5,0.053326660223900174,0.0,0.19532766119031514,0.9466733397760998,0.9600050048320748,0.9466733397760998
8,1,ferry,1,1,0.15,0.15,5,4,0.55,0.45,0,0.49497474683058323,0.5,0.42426406871192857,0.07036660442466008,0.0,0.20981161376096108,0.92963339557534,0.947225046681505,0.92963339557534
8,1,ferry,1,2,0.15,0.25,5,4,0.55,0.45,0,0.4301162633521313,0.447213595499958,0.36055512754639896,0.08974842799365534,0.0,0.22628616379460703,0.9102515720063447,0.9326886790047585,0.9102515720063447
8,1,ferry,1,3,0.15,0.35,5,4,0.55,0.45,0,0.3807886552931954,0.4123105625617661,0.316227766016838,0.10747013848961001,0.0,0.2413496177161685,0.89252986151039,0.9193973961327925,0.89252986151039
8,1,ferry,1,4,0.15,0.45,5,4,0.55,0.45,0,0.35355339059327373,0.4,0.30000000000000004,0.1171284443492425,0.0,0.2495591776968561,0.8828715556507575,0.9121536667380681,0.8828715556507575
8,1,ferry,1,5,0.15,0.55,5,4,0.55,0.45,0,0.35355339059327373,0.4123105625617661,0.30000000000000004,0.11426112101555497,0.0,0.2471219528632217,0.885738878984445,0.9143041592383337,0.885738878984445
8,1,ferry,1,6,0.15,0.65,5,4,0.55,0.45,0,0.3807886552931954,0.447213595499958,0.31622776601683794,0.10072053980322483,0.0,0.2356124588327411,0.8992794601967752,0.9244595951475814,0.8992794601967752
8,1,ferry,1,7,0.15,0.75,5,4,0.55,0.45,0,0.4301162633521313,0.5,0.36055512754639896,0.08253042619650403,0.0,0.2201508622670284,0.9174695738034959,0.9381021803526219,0.9174695738034959
8,1,ferry,1,8,0.15,0.85,5,4,0.55,0.45,0,0.49497474683058323,0.565685424949238,0.4242640687119285,0.06475198391229102,0.0,0.20503918632544738,0.935248016087709,0.9514360120657818,0.935248016087709
8,1,ferry,1,9,0.15,0.95,5,4,0.55,0.45,0,0.5700877125495689,0.6403124237432849,0.49999999999999994,0.04967538042012892,0.0,0.1922240733571096,0.9503246195798711,0.9627434646849033,0.9503246195798711
8,1,ferry,2,0,0.25,0.05,5,4,0.55,0.45,0,0.51478150704935,0.5,0.447213595499958,0.06709966378614511,0.0,0.20703471421822334,0.9329003362138549,0.9496752521603912,0.9329003362138549
8,1,ferry,2,1,0.25,0.15,5,4,0.55,0.45,0,0.4301162633521313,0.42426406871192857,0.36055512754639896,0.09397144674905822,0.0,0.22987572973669948,0.9060285532509418,0.9295214149382063,0.9060285532509418
8,1,ferry,2,2,0.25,0.25,5,4,0.55,0.45,0,0.3535533905932738,0.36055512754639896,0.28284271247461906,0.12847130633080076,0.0,0.25920061038118064,0.8715286936691993,0.9036465202518994,0.8715286936691993
8,1,ferry,2,3,0.25,0.35,5,4,0.55,0.45,0,0.29154759474226505,0.316227766016838,0.22360679774997902,0.16400763197518037,0.0,0.28940648717890327,0.8359923680248196,0.8769942760186147,0.8359923680248196
8,1,ferry,2,4,0.25,0.45,5,4,0.55,0.45,0,0.25495097567963926,0.30000000000000004,0.2,0.18438905847865264,0.0,0.30673069970685474,0.8156109415213474,0.8617082061410105,0.8156109415213474
8,1,ferry,2,5,0.25,0.55,5,4,0.55,0.45,0,0.25495097567963926,0.316227766016838,0.2,0.17610548649507377,0.0,0.2996896635208127,0.8238945135049263,0.8679208851286947,0.8238945135049263
8,1,ferry,2,6,0.25,0.65,5,4,0.55,0.45,0,0.29154759474226505,0.36055512754639896,0.22360679774997896,0.14616725395703284,0.0,0.27424216586347794,0.8538327460429671,0.8903745595322253,0.8538327460429671
8,1,ferry,2,7,0.25,0.75,5,4,0.55,0.45,0,0.3535533905932738,0.42426406871192857,0.282842712474619,0.11173454108457265,0.0,0.24497435992188674,0.8882654589154273,0.9161990941865705,0.8882654589154273
8,1,ferry,2,8,0.25,0.85,5,4,0.55,0.45,0,0.4301162633521313,0.5,0.36055512754639885,0.08253042619650403,0.0,0.2201508622670284,0.9174695738034959,0.9381021803526219,0.9174695738034959
8,1,ferry,2,9,0.25,0.95,5,4,0.55,0.45,0,0.51478150704935,0.58309518948453,0.44721359549995787,0.06042905574400608,0.0,0.20136469738240517,0.939570944255994,0.9546782081919954,0.939570944255994
8,1,ferry,3,0,0.35,0.05,5,4,0.55,0.45,0,0.4743416490252569,0.447213595499958,0.4123105625617661,0.0812007183518732,0.0,0.21902061059909222,0.9187992816481267,0.9390994612360951,0.9187992816481267
8,1,ferry,3,1,0.35,0.15,5,4,0.55,0.45,0,0.3807886552931954,0.360555127546399,0.316227766016838,0.1216803238048558,0.0,0.2534282752341274,0.8783196761951442,0.9087397571463581,0.8783196761951442
8,1,ferry,3,2,0.35,0.25,5,4,0.55,0.45,0,0.29154759474226505,0.28284271247461906,0.22360679774997902,0.18230132315974334,0.0,0.3049561246857818,0.8176986768402567,0.8632740076301925,0.8176986768402567
8,1,ferry,3,3,0.35,0.35,5,4,0.55,0.45,0,0.21213203435596428,0.22360679774997905,0.14142135623730956,0.25766270387689927,0.5,0.36901329829536433,0.7423372961231007,0.8067529720923255,0.7423372961231007
8,1,ferry,3,4,0.35,0.45,5,4,0.55,0.45,0,0.15811388300841897,0.20000000000000007,0.10000000000000003,0.3069960409705616,0.5,0.4109466348249774,0.6930039590294383,0.7697529692720788,0.6930039590294383
8,1,ferry,3,5,0.35,0.55,5,4,0.55,0.45,0,0.158113883008419,0.22360679774997905,0.10000000000000003,0.28093731635998964,0.5,0.3887967189059912,0.7190626836400104,0.7892970127300077,0.7190626836400104
8,1,ferry,3,6,0.35,0.65,5,4,0.55,0.45,0,0.21213203435596428,0.28284271247461906,0.14142135623730953,0.21034762415952313,0.0,0.32879548053559465,0.7896523758404769,0.8422392818803577,0.7896523758404769
8,1,ferry,3,7,0.35,0.75,5,4,0.55,0.45,0,0.29154759474226505,0.36055512754639896,0.22360679774997894,0.14616725395703284,0.0,0.27424216586347794,0.8538327460429671,0.8903745595322253,0.8538327460429671
8,1,ferry,3,8,0.35,0.85,5,4,0.55,0.45,0,0.3807886552931954,0.4472135954999579,0.3162277660168379,0.10072053980322485,0.0,0.23561245883274112,0.8992794601967752,0.9244595951475814,0.8992794601967752
8,1,ferry,3,9,0.35,0.95,5,4,0.55,0.45,0,0.4743416490252569,0.5385164807134504,0.41231056256176596,0.07033998913347127,0.0,0.20978899076345056,0.9296600108665287,0.9472450081498965,0.9296600108665287
8,1,ferry,4,0,0.45,0.05,5,4,0.55,0.45,0,0.45276925690687087,0.41231056256176607,0.4,0.09197819803373551,0.0,0.2281814683286752,0.9080218019662645,0.9310163514746984,0.9080218019662645
8,1,ferry,4,1,0.45,0.15,5,4,0.55,0.45,0,0.35355339059327373,0.316227766016838,0.30000000000000004,0.1463116843489483,0.0,0.27436493169660603,0.8536883156510517,0.8902662367382888,0.8536883156510517
8,1,ferry,4,2,0.45,0.25,5,4,0.55,0.45,0,0.25495097567963926,0.223606797749979,0.2,0.2417142573970129,0.0,0.355457118787461,0.7582857426029871,0.8187143069522403,0.7582857426029871
8,1,ferry,4,3,0.45,0.35,5,4,0.55,0.45,0,0.15811388300841897,0.14142135623730956,0.10000000000000003,0.3975166997522974,0.5,0.4878891947894528,0.6024833002477026,0.7018624751857769,0.6024833002477026
8,1,ferry,4,4,0.45,0.45,5,4,0.55,0.45,0,0.07071067811865474,0.10000000000000003,0.0,0.5392111964590955,0.5,0.6083295169902312,0.46078880354090446,0.5955916026556783,0.46078880354090446
8,1,ferry,4,5,0.45,0.55,5,4,0.55,0.45,0,0.07071067811865478,0.14142135623730956,0.0,0.4441575206489068,0.5,0.5275338925515708,0.5558424793510932,0.6668818595133199,0.5558424793510932
8,1,ferry,4,6,0.45,0.65,5,4,0.55,0.45,0,0.15811388300841897,0.223606797749979,0.09999999999999998,0.28093731635998975,0.5,0.38879671890599127,0.7190626836400102,0.7892970127300076,0.7190626836400102
8,1,ferry,4,7,0.45,0.75,5,4,0.55,0.45,0,0.25495097567963926,0.31622776601683794,0.19999999999999996,0.1761054864950738,0.0,0.2996896635208127,0.8238945135049263,0.8679208851286946,0.8238945135049263
8,1,ferry,4,8,0.45,0.85,5,4,0.55,0.45,0,0.35355339059327373,0.412310562561766,0.29999999999999993,0.114261121015555,0.0,0.24712195286322175,0.885738878984445,0.9143041592383337,0.885738878984445
8,1,ferry,4,9,0.45,0.95,5,4,0.55,0.45,0,0.4527692569068708,0.5099019513592784,0.3999999999999999,0.07696441804932197,0.0,0.21541975534192365,0.923035581950678,0.9422766864630086,0.923035581950678
8,1,ferry,5,0,0.55,0.05,5,4,0.55,0.45,0,0.45276925690687087,0.4,0.4,0.09484552136742302,0.0,0.23061869316230957,0.9051544786325769,0.9288658589744327,0.9051544786325769
8,1,ferry,5,1,0.55,0.15,5,4,0.55,0.45,0,0.35355339059327373,0.30000000000000004,0.30000000000000004,0.1545952563325272,0.0,0.2814059678826481,0.8454047436674728,0.8840535577506046,0.8454047436674728
8,1,ferry,5,2,0.55,0.25,5,4,0.55,0.45,0,0.25495097567963926,0.2,0.2,0.2677729820075848,0.5,0.3776070347064471,0.7322270179924152,0.7991702634943114,0.7322270179924152
8,1,ferry,5,3,0.55,0.35,5,4,0.55,0.45,0,0.158113883008419,0.10000000000000003,0.10000000000000003,0.4925703755624862,0.5,0.5686848192281132,0.5074296244375138,0.6305722183281354,0.5074296244375138
8,1,ferry,5,4,0.55,0.45,5,4,0.55,0.45,1,0.07071067811865478,0.0,0.0,1.0,1.0,1.0,0.0,0.25,0.0
8,1,ferry,5,5,0.55,0.55,5,4,0.55,0.45,0,0.07071067811865482,0.10000000000000003,0.0,0.5392111964590955,0.5,0.6083295169902312,0.46078880354090446,0.5955916026556783,0.46078880354090446
8,1,ferry,5,6,0.55,0.65,5,4,0.55,0.45,0,0.158113883008419,0.2,0.09999999999999998,0.30699604097056166,0.5,0.4109466348249774,0.6930039590294383,0.7697529692720788,0.6930039590294383
8,1,ferry,5,7,0.55,0.75,5,4,0.55,0.45,0,0.25495097567963926,0.3,0.19999999999999996,0.18438905847865267,0.0,0.30673069970685474,0.8156109415213473,0.8617082061410105,0.8156109415213473
8,1,ferry,5,8,0.55,0.85,5,4,0.55,0.45,0,0.35355339059327373,0.39999999999999997,0.29999999999999993,0.11712844434924252,0.0,0.24955917769685615,0.8828715556507575,0.9121536667380681,0.8828715556507575
8,1,ferry,5,9,0.55,0.95,5,4,0.55,0.45,0,0.4527692569068708,0.49999999999999994,0.3999999999999999,0.07801059755019903,0.0,0.21630900791766916,0.921989402449801,0.9414920518373507,0.921989402449801
8,1,ferry,6,0,0.65,0.05,5,4,0.55,0.45,0,0.4743416490252569,0.41231056256176607,0.4123105625617661,0.0879503170382584,0.0,0.22475776948251963,0.9120496829617416,0.9340372622213062,0.9120496829617416
8,1,ferry,6,1,0.65,0.15,5,4,0.55,0.45,0,0.3807886552931954,0.31622776601683794,0.31622776601683794,0.13952070182300338,0.0,0.26859259654955286,0.8604792981769966,0.8953594736327475,0.8604792981769966
8,1,ferry,6,2,0.65,0.25,5,4,0.55,0.45,0,0.29154759474226505,0.22360679774997896,0.22360679774997896,0.22961640287711954,0.0,0.3451739424455516,0.7703835971228805,0.8277876978421603,0.7703835971228805
8,1,ferry,6,3,0.65,0.35,5,4,0.55,0.45,0,0.21213203435596428,0.1414213562373095,0.14142135623730953,0.37424208726920705,0.5,0.46810577417882593,0.625757912730793,0.7193184345480947,0.625757912730793
8,1,ferry,6,4,0.65,0.45,5,4,0.55,0.45,0,0.15811388300841897,0.09999999999999998,0.09999999999999998,0.4925703755624864,0.5,0.5686848192281134,0.5074296244375136,0.6305722183281353,0.5074296244375136
8,1,ferry,6,5,0.65,0.55,5,4,0.55,0.45,0,0.158113883008419,0.1414213562373095,0.09999999999999998,0.3975166997522974,0.5,0.4878891947894528,0.6024833002477026,0.7018624751857769,0.6024833002477026
8,1,ferry,6,6,0.65,0.65,5,4,0.55,0.45,0,0.21213203435596428,0.22360679774997896,0.14142135623730948,0.2576627038768993,0.5,0.36901329829536444,0.7423372961231007,0.8067529720923254,0.7423372961231007
8,1,ferry,6,7,0.65,0.75,5,4,0.55,0.45,0,0.29154759474226505,0.31622776601683794,0.2236067977499789,0.1640076319751804,0.0,0.2894064871789033,0.8359923680248196,0.8769942760186147,0.8359923680248196
8,1,ferry,6,8,0.65,0.85,5,4,0.55,0.45,0,0.3807886552931954,0.412310562561766,0.31622776601683783,0.10747013848961003,0.0,0.24134961771616853,0.8925298615103899,0.9193973961327925,0.8925298615103899
8,1,ferry,6,9,0.65,0.95,5,4,0.55,0.45,0,0.4743416490252569,0.5099019513592784,0.41231056256176596,0.07293653705384483,0.0,0.21199605649576808,0.9270634629461552,0.9452975972096164,0.9270634629461552
8,1,ferry,7,0,0.75,0.05,5,4,0.55,0.45,0,0.51478150704935,0.4472135954999579,0.4472135954999579,0.07431766558329644,0.0,0.21317001574580197,0.9256823344167036,0.9442617508125277,0.9256823344167036
8,1,ferry,7,1,0.75,0.15,5,4,0.55,0.45,0,0.4301162633521313,0.36055512754639896,0.36055512754639896,0.11070821199528633,0.0,0.24410198019599338,0.8892917880047136,0.9169688410035353,0.8892917880047136
8,1,ferry,7,2,0.75,0.25,5,4,0.55,0.45,0,0.3535533905932738,0.282842712474619,0.282842712474619,0.16460537553351132,0.0,0.2899145692034846,0.8353946244664887,0.8765459683498665,0.8353946244664887
8,1,ferry,7,3,0.75,0.35,5,4,0.55,0.45,0,0.29154759474226505,0.22360679774997894,0.22360679774997894,0.2296164028771196,0.0,0.34517394244555166,0.7703835971228804,0.8277876978421603,0.7703835971228804
8,1,ferry,7,4,0.75,0.45,5,4,0.55,0.45,0,0.25495097567963926,0.19999999999999996,0.19999999999999996,0.26777298200758487,0.5,0.37760703470644713,0.7322270179924151,0.7991702634943114,0.7322270179924151
8,1,ferry,7,5,0.75,0.55,5,4,0.55,0.45,0,0.25495097567963926,0.22360679774997894,0.19999999999999996,0.24171425739701297,0.0,0.355457118787461,0.758285742602987,0.8187143069522402,0.758285742602987
8,1,ferry,7,6,0.75,0.65,5,4,0.55,0.45,0,0.29154759474226505,0.282842712474619,0.2236067977499789,0.1823013231597434,0.0,0.30495612468578187,0.8176986768402565,0.8632740076301925,0.8176986768402565
8,1,ferry,7,7,0.75,0.75,5,4,0.55,0.45,0,0.3535533905932738,0.3605551275463989,0.28284271247461895,0.12847130633080078,0.0,0.25920061038118064,0.8715286936691993,0.9036465202518994,0.8715286936691993
8,1,ferry,7,8,0.75,0.85,5,4,0.55,0.45,0,0.4301162633521313,0.44721359549995787,0.36055512754639885,0.08974842799365536,0.0,0.22628616379460703,0.9102515720063447,0.9326886790047585,0.9102515720063447
8,1,ferry,7,9,0.75,0.95,5,4,0.55,0.45,0,0.51478150704935,0.5385164807134504,0.4472135954999578,0.0634569363648945,0.0,0.20393839591016033,0.9365430636351055,0.9524072977263291,0.9365430636351055
8,1,ferry,8,0,0.85,0.05,5,4,0.55,0.45,0,0.570087712549569,0.49999999999999994,0.5,0.05894128073626925,0.0,0.20010008862582884,0.9410587192637307,0.9557940394477981,0.9410587192637307
8,1,ferry,8,1,0.85,0.15,5,4,0.55,0.45,0,0.49497474683058323,0.4242640687119285,0.4242640687119285,0.0818076249772143,0.0,0.21953648123063216,0.9181923750227857,0.9386442812670893,0.9181923750227857
8,1,ferry,8,2,0.85,0.25,5,4,0.55,0.45,0,0.4301162633521313,0.36055512754639885,0.36055512754639885,0.11070821199528637,0.0,0.24410198019599338,0.8892917880047136,0.9169688410035353,0.8892917880047136
8,1,ferry,8,3,0.85,0.35,5,4,0.55,0.45,0,0.3807886552931954,0.3162277660168379,0.3162277660168379,0.1395207018230034,0.0,0.2685925965495529,0.8604792981769966,0.8953594736327475,0.8604792981769966
8,1,ferry,8,4,0.85,0.45,5,4,0.55,0.45,0,0.35355339059327373,0.29999999999999993,0.29999999999999993,0.15459525633252724,0.0,0.28140596788264816,0.8454047436674728,0.8840535577506046,0.8454047436674728
8,1,ferry,8,5,0.85,0.55,5,4,0.55,0.45,0,0.35355339059327373,0.3162277660168379,0.29999999999999993,0.14631168434894837,0.0,0.2743649316966061,0.8536883156510516,0.8902662367382888,0.8536883156510516
8,1,ferry,8,6,0.85,0.65,5,4,0.55,0.45,0,0.3807886552931954,0.36055512754639885,0.31622776601683783,0.12168032380485586,0.0,0.2534282752341275,0.8783196761951442,0.9087397571463581,0.8783196761951442
8,1,ferry,8,7,0.85,0.75,5,4,0.55,0.45,0,0.4301162633521313,0.42426406871192845,0.36055512754639885,0.09397144674905825,0.0,0.2298757297366995,0.9060285532509418,0.9295214149382063,0.9060285532509418
8,1,ferry,8,8,0.85,0.85,5,4,0.55,0.45,0,0.49497474683058323,0.4999999999999999,0.4242640687119284,0.0703666044246601,0.0,0.20981161376096108,0.9296333955753399,0.9472250466815049,0.9296333955753399
8,1,ferry,8,9,0.85,0.95,5,4,0.55,0.45,0,0.5700877125495689,0.58309518948453,0.4999999999999999,0.05227067269413023,0.0,0.1944300717900107,0.9477293273058698,0.9607969954794023,0.9477293273058698
8,1,ferry,9,0,0.95,0.05,5,4,0.55,0.45,0,0.6363961030678927,0.565685424949238,0.565685424949238,0.04517226637327257,0.0,0.18839642641728166,0.9548277336267275,0.9661208002200455,0.9548277336267275
8,1,ferry,9,1,0.95,0.15,5,4,0.55,0.45,0,0.5700877125495689,0.49999999999999994,0.49999999999999994,0.058941280736269266,0.0,0.20010008862582887,0.9410587192637307,0.9557940394477981,0.9410587192637307
8,1,ferry,9,2,0.95,0.25,5,4,0.55,0.45,0,0.51478150704935,0.44721359549995787,0.44721359549995787,0.07431766558329644,0.0,0.21317001574580197,0.9256823344167036,0.9442617508125277,0.9256823344167036
8,1,ferry,9,3,0.95,0.35,5,4,0.55,0.45,0,0.4743416490252569,0.41231056256176596,0.41231056256176596,0.08795031703825842,0.0,0.22475776948251966,0.9120496829617416,0.9340372622213062,0.9120496829617416
8,1,ferry,9,4,0.95,0.45,5,4,0.55,0.45,0,0.4527692569068708,0.3999999999999999,0.3999999999999999,0.09484552136742308,0.0,0.2306186931623096,0.9051544786325769,0.9288658589744327,0.9051544786325769
8,1,ferry,9,5,0.95,0.55,5,4,0.55,0.45,0,0.4527692569068708,0.41231056256176596,0.3999999999999999,0.09197819803373555,0.0,0.2281814683286752,0.9080218019662645,0.9310163514746983,0.9080218019662645
8,1,ferry,9,6,0.95,0.65,5,4,0.55,0.45,0,0.4743416490252569,0.44721359549995787,0.41231056256176596,0.08120071835187323,0.0,0.21902061059909222,0.9187992816481267,0.9390994612360951,0.9187992816481267
8,1,ferry,9,7,0.95,0.75,5,4,0.55,0.45,0,0.51478150704935,0.4999999999999999,0.4472135954999578,0.06709966378614513,0.0,0.20703471421822334,0.9329003362138548,0.9496752521603912,0.9329003362138548
8,1,ferry,9,8,0.95,0.85,5,4,0.55,0.45,0,0.5700877125495689,0.5656854249492379,0.4999999999999999,0.05332666022390019,0.0,0.19532766119031514,0.9466733397760998,0.9600050048320748,0.9466733397760998
8,1,ferry,9,9,0.95,0.95,5,4,0.55,0.45,0,0.6363961030678927,0.6403124237432848,0.5656854249492379,0.0415209865695013,0.0,0.1852928385840761,0.9584790134304987,0.968859260072874,0.9584790134304987
9,1,ferry,0,0,0.05,0.05,5,5,0.55,0.55,0,0.6363961030678927,0.7071067811865476,0.5656854249492381,0.039670274676575655,0.0,0.1837197334750893,0.9603297253234243,0.9702472939925683,0.9603297253234243
9,1,ferry,0,1,0.05,0.15,5,5,0.55,0.55,0,0.570087712549569,0.6403124237432849,0.5,0.04967538042012891,0.0,0.19222407335710956,0.9503246195798711,0.9627434646849033,0.9503246195798711
9,1,ferry,0,2,0.05,0.25,5,5,0.55,0.55,0,0.51478150704935,0.5830951894845301,0.447213595499958,0.060429055744006074,0.0,0.20136469738240514,0.939570944255994,0.9546782081919954,0.939570944255994
9,1,ferry,0,3,0.05,0.35,5,5,0.55,0.55,0,0.47434164902525694,0.5385164807134505,0.4123105625617661,0.07033998913347125,0.0,0.20978899076345056,0.9296600108665287,0.9472450081498965,0.9296600108665287
9,1,ferry,0,4,0.05,0.45,5,5,0.55,0.55,0,0.45276925690687087,0.5099019513592785,0.4,0.07696441804932194,0.0,0.21541975534192365,0.923035581950678,0.9422766864630086,0.923035581950678
9,1,ferry,0,5,0.05,0.55,5,5,0.55,0.55,0,0.45276925690687087,0.5,0.4,0.07801059755019901,0.0,0.21630900791766916,0.921989402449801,0.9414920518373507,0.921989402449801
9,1,ferry,0,6,0.05,0.65,5,5,0.55,0.55,0,0.47434164902525694,0.5099019513592785,0.4123105625617661,0.07293653705384481,0.0,0.21199605649576808,0.9270634629461552,0.9452975972096164,0.9270634629461552
9,1,ferry,0,7,0.05,0.75,5,5,0.55,0.55,0,0.51478150704935,0.5385164807134504,0.4472135954999579,0.0634569363648945,0.0,0.20393839591016033,0.9365430636351055,0.9524072977263291,0.9365430636351055
9,1,ferry,0,8,0.05,0.85,5,5,0.55,0.55,0,0.570087712549569,0.58309518948453,0.5,0.05227067269413022,0.0,0.19443007179001068,0.9477293273058698,0.9607969954794023,0.9477293273058698
9,1,ferry,0,9,0.05,0.95,5,5,0.55,0.55,0,0.6363961030678927,0.6403124237432848,0.565685424949238,0.0415209865695013,0.0,0.1852928385840761,0.9584790134304987,0.968859260072874,0.9584790134304987
9,1,ferry,1,0,0.15,0.05,5,5,0.55,0.55,0,0.570087712549569,0.6403124237432849,0.5,0.04967538042012891,0.0,0.19222407335710956,0.9503246195798711,0.9627434646849033,0.9503246195798711
9,1,ferry,1,1,0.15,0.15,5,5,0.55,0.55,0,0.49497474683058323,0.5656854249492381,0.42426406871192857,0.064751983912291,0.0,0.20503918632544735,0.935248016087709,0.9514360120657818,0.935248016087709
9,1,ferry,1,2,0.15,0.25,5,5,0.55,0.55,0,0.4301162633521313,0.5,0.36055512754639896,0.08253042619650403,0.0,0.2201508622670284,0.9174695738034959,0.9381021803526219,0.9174695738034959
9,1,ferry,1,3,0.15,0.35,5,5,0.55,0.55,0,0.3807886552931954,0.44721359549995804,0.316227766016838,0.10072053980322482,0.0,0.23561245883274107,0.8992794601967752,0.9244595951475814,0.8992794601967752
9,1,ferry,1,4,0.15,0.45,5,5,0.55,0.55,0,0.35355339059327373,0.4123105625617661,0.30000000000000004,0.11426112101555497,0.0,0.2471219528632217,0.885738878984445,0.9143041592383337,0.885738878984445
9,1,ferry,1,5,0.15,0.55,5,5,0.55,0.55,0,0.35355339059327373,0.4,0.30000000000000004,0.1171284443492425,0.0,0.2495591776968561,0.8828715556507575,0.9121536667380681,0.8828715556507575
9,1,ferry,1,6,0.15,0.65,5,5,0.55,0.55,0,0.3807886552931954,0.4123105625617661,0.31622776601683794,0.10747013848961001,0.0,0.2413496177161685,0.89252986151039,0.9193973961327925,0.89252986151039
9,1,ferry,1,7,0.15,0.75,5,5,0.55,0.55,0,0.4301162633521313,0.4472135954999579,0.36055512754639896,0.08974842799365534,0.0,0.22628616379460703,0.9102515720063447,0.9326886790047585,0.9102515720063447
9,1,ferry,1,8,0.15,0.85,5,5,0.55,0.55,0,0.49497474683058323,0.5,0.4242640687119285,0.07036660442466008,0.0,0.20981161376096108,0.92963339557534,0.947225046681505,0.92963339557534
9,1,ferry,1,9,0.15,0.95,5,5,0.55,0.55,0,0.5700877125495689,0.565685424949238,0.49999999999999994,0.05332666022390019,0.0,0.19532766119031514,0.9466733397760998,0.9600050048320748,0.9466733397760998
9,1,ferry,2,0,0.25,0.05,5,5,0.55,0.55,0,0.51478150704935,0.5830951894845301,0.447213595499958,0.060429055744006074,0.0,0.20136469738240514,0.939570944255994,0.9546782081919954,0.939570944255994
9,1,ferry,2,1,0.25,0.15,5,5,0.55,0.55,0,0.4301162633521313,0.5,0.36055512754639896,0.08253042619650403,0.0,0.2201508622670284,0.9174695738034959,0.9381021803526219,0.9174695738034959
9,1,ferry,2,2,0.25,0.25,5,5,0.55,0.55,0,0.3535533905932738,0.42426406871192857,0.28284271247461906,0.11173454108457265,0.0,0.24497435992188674,0.8882654589154273,0.9161990941865705,0.8882654589154273
9,1,ferry,2,3,0.25,0.35,5,5,0.55,0.55,0,0.29154759474226505,0.360555127546399,0.22360679774997902,0.1461672539570328,0.0,0.2742421658634779,0.8538327460429672,0.8903745595322254,0.8538327460429672
9,1,ferry,2,4,0.25,0.45,5,5,0.55,0.55,0,0.25495097567963926,0.316227766016838,0.2,0.17610548649507377,0.0,0.2996896635208127,0.8238945135049263,0.8679208851286947,0.8238945135049263
9,1,ferry,2,5,0.25,0.55,5,5,0.55,0.55,0,0.25495097567963926,0.30000000000000004,0.2,0.18438905847865264,0.0,0.30673069970685474,0.8156109415213474,0.8617082061410105,0.8156109415213474
9,1,ferry,2,6,0.25,0.65,5,5,0.55,0.55,0,0.29154759474226505,0.31622776601683794,0.22360679774997896,0.1640076319751804,0.0,0.2894064871789033,0.8359923680248196,0.8769942760186147,0.8359923680248196
9,1,ferry,2,7,0.25,0.75,5,5,0.55,0.55,0,0.3535533905932738,0.36055512754639896,0.282842712474619,0.12847130633080076,0.0,0.25920061038118064,0.8715286936691993,0.9036465202518994,0.8715286936691993
9,1,ferry,2,8,0.25,0.85,5,5,0.55,0.55,0,0.4301162633521313,0.4242640687119285,0.36055512754639885,0.09397144674905825,0.0,0.2298757297366995,0.9060285532509418,0.9295214149382063,0.9060285532509418
9,1,ferry,2,9,0.25,0.95,5,5,0.55,0.55,0,0.51478150704935,0.49999999999999994,0.44721359549995787,0.06709966378614511,0.0,0.20703471421822334,0.9329003362138549,0.9496752521603912,0.9329003362138549
9,1,ferry,3,0,0.35,0.05,5,5,0.55,0.55,0,0.4743416490252569,0.5385164807134505,0.4123105625617661,0.07033998913347125,0.0,0.20978899076345056,0.9296600108665287,0.9472450081498965,0.9296600108665287
9,1,ferry,3,1,0.35,0.15,5,5,0.55,0.55,0,0.3807886552931954,0.447213595499958,0.316227766016838,0.10072053980322483,0.0,0.2356124588327411,0.8992794601967752,0.9244595951475814,0.8992794601967752
9,1,ferry,3,2,0.35,0.25,5,5,0.55,0.55,0,0.29154759474226505,0.360555127546399,0.22360679774997902,0.1461672539570328,0.0,0.2742421658634779,0.8538327460429672,0.8903745595322254,0.8538327460429672
9,1,ferry,3,3,0.35,0.35,5,5,0.55,0.55,0,0.21213203435596428,0.2828427124746191,0.14142135623730956,0.2103476241595231,0.0,0.3287954805355946,0.7896523758404769,0.8422392818803577,0.7896523758404769
9,1,ferry,3,4,0.35,0.45,5,5,0.55,0.55,0,0.15811388300841897,0.22360679774997905,0.10000000000000003,0.2809373163599897,0.5,0.3887967189059912,0.7190626836400102,0.7892970127300077,0.7190626836400102
9,1,ferry,3,5,0.35,0.55,5,5,0.55,0.55,0,0.158113883008419,0.20000000000000007,0.10000000000000003,0.30699604097056155,0.5,0.4109466348249773,0.6930039590294385,0.7697529692720788,0.6930039590294385
9,1,ferry,3,6,0.35,0.65,5,5,0.55,0.55,0,0.21213203435596428,0.22360679774997902,0.14142135623730953,0.25766270387689927,0.5,0.36901329829536433,0.7423372961231007,0.8067529720923255,0.7423372961231007
9,1,ferry,3,7,0.35,0.75,5,5,0.55,0.55,0,0.29154759474226505,0.28284271247461906,0.22360679774997894,0.18230132315974334,0.0,0.3049561246857818,0.8176986768402567,0.8632740076301925,0.8176986768402567
9,1,ferry,3,8,0.35,0.85,5,5,0.55,0.55,0,0.3807886552931954,0.3605551275463989,0.3162277660168379,0.12168032380485583,0.0,0.2534282752341275,0.8783196761951442,0.9087397571463581,0.8783196761951442
9,1,ferry,3,9,0.35,0.95,5,5,0.55,0.55,0,0.4743416490252569,0.44721359549995787,0.41231056256176596,0.08120071835187323,0.0,0.21902061059909222,0.9187992816481267,0.9390994612360951,0.9187992816481267
9,1,ferry,4,0,0.45,0.05,5,5,0.55,0.55,0,0.45276925690687087,0.5099019513592785,0.4,0.07696441804932194,0.0,0.21541975534192365,0.923035581950678,0.9422766864630086,0.923035581950678
9,1,ferry,4,1,0.45,0.15,5,5,0.55,0.55,0,0.35355339059327373,0.41231056256176607,0.30000000000000004,0.11426112101555498,0.0,0.24712195286322172,0.885738878984445,0.9143041592383337,0.885738878984445
9,1,ferry,4,2,0.45,0.25,5,5,0.55,0.55,0,0.25495097567963926,0.316227766016838,0.2,0.17610548649507377,0.0,0.2996896635208127,0.8238945135049263,0.8679208851286947,0.8238945135049263
9,1,ferry,4,3,0.45,0.35,5,5,0.55,0.55,0,0.15811388300841897,0.22360679774997905,0.10000000000000003,0.2809373163599897,0.5,0.3887967189059912,0.7190626836400102,0.7892970127300077,0.7190626836400102
9,1,ferry,4,4,0.45,0.45,5,5,0.55,0.55,0,0.07071067811865474,0.14142135623730956,0.0,0.4441575206489068,0.5,0.5275338925515708,0.5558424793510932,0.6668818595133199,0.5558424793510932
9,1,ferry,4,5,0.45,0.55,5,5,0.55,0.55,0,0.07071067811865478,0.10000000000000003,0.0,0.5392111964590955,0.5,0.6083295169902312,0.46078880354090446,0.5955916026556783,0.46078880354090446
9,1,ferry,4,6,0.45,0.65,5,5,0.55,0.55,0,0.15811388300841897,0.14142135623730953,0.09999999999999998,0.3975166997522974,0.5,0.4878891947894528,0.6024833002477026,0.7018624751857769,0.6024833002477026
9,1,ferry,4,7,0.45,0.75,5,5,0.55,0.55,0,0.25495097567963926,0.22360679774997894,0.19999999999999996,0.24171425739701297,0.0,0.355457118787461,0.758285742602987,0.8187143069522402,0.758285742602987
9,1,ferry,4,8,0.45,0.85,5,5,0.55,0.55,0,0.35355339059327373,0.3162277660168379,0.29999999999999993,0.14631168434894837,0.0,0.2743649316966061,0.8536883156510516,0.8902662367382888,0.8536883156510516
9,1,ferry,4,9,0.45,0.95,5,5,0.55,0.55,0,0.4527692569068708,0.41231056256176596,0.3999999999999999,0.09197819803373555,0.0,0.2281814683286752,0.9080218019662645,0.9310163514746983,0.9080218019662645
9,1,ferry,5,0,0.55,0.05,5,5,0.55,0.55,0,0.45276925690687087,0.5,0.4,0.07801059755019901,0.0,0.21630900791766916,0.921989402449801,0.9414920518373507,0.921989402449801
9,1,ferry,5,1,0.55,0.15,5,5,0.55,0.55,0,0.35355339059327373,0.4,0.30000000000000004,0.1171284443492425,0.0,0.2495591776968561,0.8828715556507575,0.9121536667380681,0.8828715556507575
9,1,ferry,5,2,0.55,0.25,5,5,0.55,0.55,0,0.25495097567963926,0.30000000000000004,0.2,0.18438905847865264,0.0,0.30673069970685474,0.8156109415213474,0.8617082061410105,0.8156109415213474
9,1,ferry,5,3,0.55,0.35,5,5,0.55,0.55,0,0.158113883008419,0.20000000000000007,0.10000000000000003,0.30699604097056155,0.5,0.4109466348249773,0.6930039590294385,0.7697529692720788,0.6930039590294385
9,1,ferry,5,4,0.55,0.45,5,5,0.55,0.55,0,0.07071067811865478,0.10000000000000003,0.0,0.5392111964590955,0.5,0.6083295169902312,0.46078880354090446,0.5955916026556783,0.46078880354090446
9,1,ferry,5,5,0.55,0.55,5,5,0.55,0.55,1,0.07071067811865482,0.0,0.0,1.0,1.0,1.0,0.0,0.25,0.0
9,1,ferry,5,6,0.55,0.65,5,5,0.55,0.55,0,0.158113883008419,0.09999999999999998,0.09999999999999998,0.4925703755624864,0.5,0.5686848192281134,0.5074296244375136,0.6305722183281353,0.5074296244375136
9,1,ferry,5,7,0.55,0.75,5,5,0.55,0.55,0,0.25495097567963926,0.19999999999999996,0.19999999999999996,0.26777298200758487,0.5,0.37760703470644713,0.7322270179924151,0.7991702634943114,0.7322270179924151
9,1,ferry,5,8,0.55,0.85,5,5,0.55,0.55,0,0.35355339059327373,0.29999999999999993,0.29999999999999993,0.15459525633252724,0.0,0.28140596788264816,0.8454047436674728,0.8840535577506046,0.8454047436674728
9,1,ferry,5,9,0.55,0.95,5,5,0.55,0.55,0,0.4527692569068708,0.3999999999999999,0.3999999999999999,0.09484552136742308,0.0,0.2306186931623096,0.9051544786325769,0.9288658589744327,0.9051544786325769
9,1,ferry,6,0,0.65,0.05,5,5,0.55,0.55,0,0.4743416490252569,0.5099019513592785,0.4123105625617661,0.07293653705384483,0.0,0.21199605649576808,0.9270634629461552,0.9452975972096164,0.9270634629461552
9,1,ferry,6,1,0.65,0.15,5,5,0.55,0.55,0,0.3807886552931954,0.41231056256176607,0.31622776601683794,0.10747013848961001,0.0,0.2413496177161685,0.89252986151039,0.9193973961327925,0.89252986151039
9,1,ferry,6,2,0.65,0.25,5,5,0.55,0.55,0,0.29154759474226505,0.31622776601683794,0.22360679774997896,0.1640076319751804,0.0,0.2894064871789033,0.8359923680248196,0.8769942760186147,0.8359923680248196
9,1,ferry,6,3,0.65,0.35,5,5,0.55,0.55,0,0.21213203435596428,0.22360679774997902,0.14142135623730953,0.25766270387689927,0.5,0.36901329829536433,0.7423372961231007,0.8067529720923255,0.7423372961231007
9,1,ferry,6,4,0.65,0.45,5,5,0.55,0.55,0,0.15811388300841897,0.1414213562373095,0.09999999999999998,0.3975166997522975,0.5,0.4878891947894528,0.6024833002477026,0.7018624751857769,0.6024833002477026
9,1,ferry,6,5,0.65,0.55,5,5,0.55,0.55,0,0.158113883008419,0.09999999999999998,0.09999999999999998,0.4925703755624864,0.5,0.5686848192281134,0.5074296244375136,0.6305722183281353,0.5074296244375136
9,1,ferry,6,6,0.65,0.65,5,5,0.55,0.55,0,0.21213203435596428,0.14142135623730948,0.14142135623730948,0.37424208726920716,0.5,0.46810577417882604,0.6257579127307928,0.7193184345480946,0.6257579127307928
9,1,ferry,6,7,0.65,0.75,5,5,0.55,0.55,0,0.29154759474226505,0.2236067977499789,0.2236067977499789,0.2296164028771196,0.0,0.34517394244555166,0.7703835971228804,0.8277876978421603,0.7703835971228804
9,1,ferry,6,8,0.65,0.85,5,5,0.55,0.55,0,0.3807886552931954,0.31622776601683783,0.31622776601683783,0.13952070182300344,0.0,0.2685925965495529,0.8604792981769965,0.8953594736327475,0.8604792981769965
9,1,ferry,6,9,0.65,0.95,5,5,0.55,0.55,0,0.4743416490252569,0.41231056256176596,0.41231056256176596,0.08795031703825842,0.0,0.22475776948251966,0.9120496829617416,0.9340372622213062,0.9120496829617416
9,1,ferry,7,0,0.75,0.05,5,5,0.55,0.55,0,0.51478150704935,0.5385164807134504,0.4472135954999579,0.0634569363648945,0.0,0.20393839591016033,0.9365430636351055,0.9524072977263291,0.9365430636351055
9,1,ferry,7,1,0.75,0.15,5,5,0.55,0.55,0,0.4301162633521313,0.4472135954999579,0.36055512754639896,0.08974842799365534,0.0,0.22628616379460703,0.9102515720063447,0.9326886790047585,0.9102515720063447
9,1,ferry,7,2,0.75,0.25,5,5,0.55,0.55,0,0.3535533905932738,0.36055512754639896,0.282842712474619,0.12847130633080076,0.0,0.25920061038118064,0.8715286936691993,0.9036465202518994,0.8715286936691993
9,1,ferry,7,3,0.75,0.35,5,5,0.55,0.55,0,0.29154759474226505,0.282842712474619,0.22360679774997894,0.1823013231597434,0.0,0.30495612468578187,0.8176986768402565,0.8632740076301925,0.8176986768402565
9,1,ferry,7,4,0.75,0.45,5,5,0.55,0.55,0,0.25495097567963926,0.22360679774997894,0.19999999999999996,0.24171425739701297,0.0,0.355457118787461,0.758285742602987,0.8187143069522402,0.758285742602987
9,1,ferry,7,5,0.75,0.55,5,5,0.55,0.55,0,0.25495097567963926,0.19999999999999996,0.19999999999999996,0.26777298200758487,0.5,0.37760703470644713,0.7322270179924151,0.7991702634943114,0.7322270179924151
9,1,ferry,7,6,0.75,0.65,5,5,0.55,0.55,0,0.29154759474226505,0.2236067977499789,0.2236067977499789,0.2296164028771196,0.0,0.34517394244555166,0.7703835971228804,0.8277876978421603,0.7703835971228804
9,1,ferry,7,7,0.75,0.75,5,5,0.55,0.55,0,0.3535533905932738,0.28284271247461895,0.28284271247461895,0.16460537553351134,0.0,0.28991456920348463,0.8353946244664887,0.8765459683498665,0.8353946244664887
9,1,ferry,7,8,0.75,0.85,5,5,0.55,0.55,0,0.4301162633521313,0.36055512754639885,0.36055512754639885,0.11070821199528637,0.0,0.24410198019599338,0.8892917880047136,0.9169688410035353,0.8892917880047136
9,1,ferry,7,9,0.75,0.95,5,5,0.55,0.55,0,0.51478150704935,0.4472135954999578,0.4472135954999578,0.07431766558329646,0.0,0.21317001574580197,0.9256823344167036,0.9442617508125276,0.9256823344167036
9,1,ferry,8,0,0.85,0.05,5,5,0.55,0.55,0,0.570087712549569,0.58309518948453,0.5,0.05227067269413022,0.0,0.19443007179001068,0.9477293273058698,0.9607969954794023,0.9477293273058698
9,1,ferry,8,1,0.85,0.15,5,5,0.55,0.55,0,0.49497474683058323,0.49999999999999994,0.4242640687119285,0.0703666044246601,0.0,0.20981161376096108,0.9296333955753399,0.9472250466815049,0.9296333955753399
9,1,ferry,8,2,0.85,0.25,5,5,0.55,0.55,0,0.4301162633521313,0.4242640687119285,0.36055512754639885,0.09397144674905825,0.0,0.2298757297366995,0.9060285532509418,0.9295214149382063,0.9060285532509418
9,1,ferry,8,3,0.85,0.35,5,5,0.55,0.55,0,0.3807886552931954,0.3605551275463989,0.3162277660168379,0.12168032380485583,0.0,0.2534282752341275,0.8783196761951442,0.9087397571463581,0.8783196761951442
9,1,ferry,8,4,0.85,0.45,5,5,0.55,0.55,0,0.35355339059327373,0.3162277660168379,0.29999999999999993,0.14631168434894837,0.0,0.2743649316966061,0.8536883156510516,0.8902662367382888,0.8536883156510516
9,1,ferry,8,5,0.85,0.55,5,5,0.55,0.55,0,0.35355339059327373,0.29999999999999993,0.29999999999999993,0.15459525633252724,0.0,0.28140596788264816,0.8454047436674728,0.8840535577506046,0.8454047436674728
9,1,ferry,8,6,0.85,0.65,5,5,0.55,0.55,0,0.3807886552931954,0.31622776601683783,0.31622776601683783,0.13952070182300344,0.0,0.2685925965495529,0.8604792981769965,0.8953594736327475,0.8604792981769965
9,1,ferry,8,7,0.85,0.75,5,5,0.55,0.55,0,0.4301162633521313,0.36055512754639885,0.36055512754639885,0.11070821199528637,0.0,0.24410198019599338,0.8892917880047136,0.9169688410035353,0.8892917880047136
9,1,ferry,8,8,0.85,0.85,5,5,0.55,0.55,0,0.49497474683058323,0.4242640687119284,0.4242640687119284,0.08180762497721433,0.0,0.21953648123063219,0.9181923750227856,0.9386442812670892,0.9181923750227856
9,1,ferry,8,9,0.85,0.95,5,5,0.55,0.55,0,0.5700877125495689,0.4999999999999999,0.4999999999999999,0.058941280736269266,0.0,0.20010008862582887,0.9410587192637307,0.9557940394477981,0.9410587192637307
9,1,ferry,9,0,0.95,0.05,5,5,0.55,0.55,0,0.6363961030678927,0.6403124237432848,0.565685424949238,0.0415209865695013,0.0,0.1852928385840761,0.9584790134304987,0.968859260072874,0.9584790134304987
9,1,ferry,9,1,0.95,0.15,5,5,0.55,0.55,0,0.5700877125495689,0.565685424949238,0.49999999999999994,0.05332666022390019,0.0,0.19532766119031514,0.9466733397760998,0.9600050048320748,0.9466733397760998
9,1,ferry,9,2,0.95,0.25,5,5,0.55,0.55,0,0.51478150704935,0.49999999999999994,0.44721359549995787,0.06709966378614511,0.0,0.20703471421822334,0.9329003362138549,0.9496752521603912,0.9329003362138549
9,1,ferry,9,3,0.95,0.35,5,5,0.55,0.55,0,0.4743416490252569,0.44721359549995787,0.41231056256176596,0.08120071835187323,0.0,0.21902061059909222,0.9187992816481267,0.9390994612360951,0.9187992816481267
9,1,ferry,9,4,0.95,0.45,5,5,0.55,0.55,0,0.4527692569068708,0.41231056256176596,0.3999999999999999,0.09197819803373555,0.0,0.2281814683286752,0.9080218019662645,0.9310163514746983,0.9080218019662645
9,1,ferry,9,5,0.95,0.55,5,5,0.55,0.55,0,0.4527692569068708,0.3999999999999999,0.3999999999999999,0.09484552136742308,0.0,0.2306186931623096,0.9051544786325769,0.9288658589744327,0.9051544786325769
9,1,ferry,9,6,0.95,0.65,5,5,0.55,0.55,0,0.4743416490252569,0.41231056256176596,0.41231056256176596,0.08795031703825842,0.0,0.22475776948251966,0.9120496829617416,0.9340372622213062,0.9120496829617416
9,1,ferry,9,7,0.95,0.75,5,5,0.55,0.55,0,0.51478150704935,0.4472135954999578,0.4472135954999578,0.07431766558329646,0.0,0.21317001574580197,0.9256823344167036,0.9442617508125276,0.9256823344167036
9,1,ferry,9,8,0.95,0.85,5,5,0.55,0.55,0,0.5700877125495689,0.4999999999999999,0.4999999999999999,0.058941280736269266,0.0,0.20010008862582887,0.9410587192637307,0.9557940394477981,0.9410587192637307
9,1,ferry,9,9,0.95,0.95,5,5,0.55,0.55,0,0.6363961030678927,0.5656854249492379,0.5656854249492379,0.04517226637327257,0.0,0.18839642641728166,0.9548277336267275,0.9661208002200455,0.9548277336267275
